tick,vsenc,neutral,vbus,vref,flags,elapsed_us,time_ms,vdda_mv,vsenc_mv,neutral_mv,vbus_mv,no_fault,comp_a,comp_b,comp_c
0,0,131,912,1507,13,506,0.506,3308.5600530856004,0.0,105.81576341655607,8795.858597378898,True,False,True,True
1,5,52,997,1505,5,1010,1.01,3312.956810631229,4.0441367317275745,42.059022009966775,9628.426319819351,True,False,True,False
2,288,152,1103,1506,3,1514,1.514,3310.7569721115538,232.78759960159363,122.86012201195219,10645.03744786479,True,True,False,False
3,181,121,1179,1507,11,2018,2.018,3308.5600530856004,146.20345937707364,97.73822422445255,11370.961936743115,True,True,False,True
4,0,125,1222,1505,5,2522,2.522,3312.956810631229,0.0,101.10341829318936,11801.340985776576,True,False,True,False
5,12,55,1245,1505,5,3025,3.025,3312.956810631229,9.705928156146179,44.48550404900332,12023.461151629983,True,False,True,False
6,266,122,1261,1504,11,3529,3.529,3315.159574468085,215.29112470910903,98.74254591921542,12186.07658873213,True,True,False,True
7,133,109,1256,1506,11,4033,4.033,3310.7569721115538,107.50260676045816,88.10364012699203,12121.638290587649,True,True,False,True
8,0,132,1261,1505,5,4537,4.537,3312.956810631229,0.0,106.76520971760797,12177.97952787583,True,False,True,False
9,138,98,1253,1506,5,5041,5.041,3310.7569721115538,111.54405814243027,79.21244708665338,12092.6853328872,True,False,True,False
10,202,53,1264,1507,11,5545,5.545,3308.5600530856004,163.16629168049104,42.810957718148636,12190.7513893497,True,True,False,True
11,0,71,1256,1507,11,6048,6.048,3308.5600530856004,0.0,57.35052826393497,12113.594734986727,True,True,False,True
12,0,84,1255,1505,5,6552,6.552,3312.956810631229,0.0,67.94149709302326,12120.035136783636,True,False,True,False
13,280,149,1247,1506,11,7056,7.056,3310.7569721115538,226.32127739043824,120.43525118276892,12034.779417486303,True,True,False,True
14,161,116,1249,1507,11,7560,7.56,3308.5600530856004,130.0483809928666,93.69945462840079,12046.082662419127,True,True,False,True
15,0,128,1245,1507,5,8064,8.064,3308.5600530856004,0.0,103.39250165892501,12007.50433523764,True,False,True,False
16,190,120,1252,1506,5,8568,8.568,3310.7569721115538,153.57515251494024,96.99483316733068,12083.034346987051,True,False,True,False
17,197,84,1240,1507,11,9071,9.071,3308.5600530856004,159.12752208443928,67.85132921366954,11959.281426260783,True,True,False,True
18,0,91,1258,1506,5,9575,9.575,3310.7569721115538,0.0,73.55441515189243,12140.940262387949,True,False,True,False
19,42,58,1252,1507,5,10079,10.079,3308.5600530856004,33.92566460683477,46.84972731420039,12075.01640780524,True,False,True,False
20,188,55,1252,1507,11,10583,10.583,3308.5600530856004,151.85773681154612,44.42646555656934,12075.01640780524,True,True,False,True
21,0,63,1252,1505,9,11087,11.087,3312.956810631229,0.0,50.95612281976744,12091.06294123754,True,False,False,True
22,0,42,1242,1505,5,11590,11.59,3312.956810631229,0.0,33.97074854651163,11994.488956083886,True,False,True,False
23,205,74,1243,1506,11,12094,12.094,3310.7569721115538,165.69950666085657,59.81348045318725,11996.175473885705,True,True,False,True
24,0,61,1246,1505,11,12598,12.598,3312.956810631229,0.0,49.33846812707641,12033.118550145347,True,True,False,True
25,0,40,1236,1505,5,13102,13.102,3312.956810631229,0.0,32.353093853820596,11936.544564991693,True,False,True,False
26,208,80,1244,1506,11,13606,13.606,3310.7569721115538,168.12437749003985,64.66322211155378,12005.826459785856,True,True,False,True
27,0,57,1246,1505,9,14110,14.11,3312.956810631229,0.0,46.10315874169435,12033.118550145347,True,False,False,True
28,0,37,1248,1507,5,14613,14.613,3308.5600530856004,0.0,29.88689501078301,12036.438080623755,True,False,True,False
29,192,57,1238,1506,11,15117,15.117,3310.7569721115538,155.19173306772907,46.07254575448207,11947.920544384959,True,True,False,True
30,0,59,1244,1507,5,15621,15.621,3308.5600530856004,0.0,47.65748123341075,11997.85975344227,True,False,True,False
31,39,59,1248,1507,5,16125,16.125,3308.5600530856004,31.502402849203715,47.65748123341075,12036.438080623755,True,False,True,False
32,187,55,1236,1507,11,16629,16.629,3308.5600530856004,151.04998289233575,44.42646555656934,11920.703099079295,True,True,False,True
33,0,103,1247,1507,5,17131,17.131,3308.5600530856004,0.0,83.19865367866622,12026.793498828383,True,False,True,False
34,175,111,1246,1505,5,17634,17.634,3312.956810631229,141.5447856104651,89.77983544435216,12033.118550145347,True,False,True,False
35,169,103,1249,1507,11,18137,18.137,3308.5600530856004,136.51041234654943,83.19865367866622,12046.082662419127,True,True,False,True
36,0,111,1232,1506,5,18639,18.639,3310.7569721115538,0.0,89.72022067978088,11890.014628984063,True,False,True,False
37,234,129,1240,1505,11,19142,19.142,3312.956810631229,189.2655990448505,104.33872767857142,11975.174159053155,True,True,False,True
38,32,72,1246,1506,11,19645,19.645,3310.7569721115538,25.865288844621514,58.19689990039841,12025.128431586154,True,True,False,True
39,0,40,1236,1505,5,20147,20.147,3312.956810631229,0.0,32.353093853820596,11936.544564991693,True,False,True,False
40,172,45,1237,1505,11,20650,20.65,3312.956810631229,139.11830357142856,36.39723058554817,11946.20196350706,True,True,False,True
41,0,86,1237,1506,5,21153,21.153,3310.7569721115538,0.0,69.51296376992032,11938.26955848481,True,False,True,False
42,179,111,1232,1507,5,21655,21.655,3308.5600530856004,144.58795153865296,89.66068503234904,11882.124771897808,True,False,True,False
43,142,98,1230,1506,11,22158,22.158,3310.7569721115538,114.77721924800797,79.21244708665338,11870.712657183763,True,True,False,True
44,0,89,1236,1507,5,22661,22.661,3308.5600530856004,0.0,71.8900988097213,11920.703099079295,True,False,True,False
45,193,73,1243,1505,11,23163,23.163,3312.956810631229,156.10367784468437,59.04439628322259,12004.146354599252,True,True,False,True
46,0,64,1241,1507,5,23666,23.666,3308.5600530856004,0.0,51.69625082946251,11968.926008056154,True,False,True,False
47,152,95,1233,1506,5,24169,24.169,3310.7569721115538,122.86012201195219,76.78757625747012,11899.665614884212,True,False,True,False
48,139,101,1264,1507,11,24671,24.671,3308.5600530856004,112.27779477023888,81.58314584024552,12190.7513893497,True,True,False,True
49,0,80,1237,1508,5,25174,25.174,3306.366047745358,0.0,64.57746187002653,11922.436309733504,True,False,True,False
50,177,56,1250,1507,11,25677,25.677,3308.5600530856004,142.97244370023225,45.234219475779696,12055.727244214499,True,True,False,True
51,0,82,1237,1506,5,26179,26.179,3310.7569721115538,0.0,66.27980266434263,11938.26955848481,True,False,True,False
52,189,119,1234,1505,11,26682,26.682,3312.956810631229,152.8683684593023,96.25045421511628,11917.229767960962,True,True,False,True
53,64,73,1229,1507,11,27185,27.185,3308.5600530856004,51.69625082946251,58.96603610235567,11853.191026511693,True,True,False,True
54,0,34,1237,1505,5,27687,27.687,3312.956810631229,0.0,27.500129775747506,11946.20196350706,True,False,True,False
55,159,61,1234,1505,11,28190,28.19,3312.956810631229,128.60354806893687,49.33846812707641,11917.229767960962,True,True,False,True
56,0,99,1229,1507,5,28693,28.693,3308.5600530856004,0.0,79.96763800182481,11853.191026511693,True,False,True,False
57,191,85,1232,1506,11,29195,29.195,3310.7569721115538,154.38344279133466,68.7046734935259,11890.014628984063,True,True,False,True
58,0,55,1225,1507,5,29698,29.698,3308.5600530856004,0.0,44.42646555656934,11814.612699330208,True,False,True,False
59,179,108,1232,1506,11,30200,30.2,3310.7569721115538,144.68395947460158,87.2953498505976,11890.014628984063,True,True,False,True
60,60,73,1229,1505,11,30703,30.703,3312.956810631229,48.529640780730894,59.04439628322259,11868.942775384134,True,True,False,True
61,0,39,1232,1507,5,31206,31.206,3308.5600530856004,0.0,31.502402849203715,11882.124771897808,True,False,True,False
62,157,84,1234,1507,11,31708,31.708,3308.5600530856004,126.81736531602522,67.85132921366954,11901.413935488552,True,True,False,True
63,0,86,1236,1505,5,32211,32.211,3312.956810631229,0.0,69.55915178571428,11936.544564991693,True,False,True,False
64,162,42,1232,1507,11,32714,32.714,3308.5600530856004,130.85613491207698,33.92566460683477,11882.124771897808,True,True,False,True
65,0,91,1225,1507,5,33216,33.216,3308.5600530856004,0.0,73.505606648142,11814.612699330208,True,False,True,False
66,193,96,1237,1508,11,33719,33.719,3306.366047745358,155.793126761439,77.49295424403184,11922.436309733504,True,True,False,True
67,0,50,1233,1505,5,34222,34.222,3312.956810631229,0.0,40.44136731727575,11907.572369445597,True,False,True,False
68,175,108,1229,1506,11,34724,34.724,3310.7569721115538,141.45079836902391,87.2953498505976,11861.061671283616,True,True,False,True
69,5,52,1228,1505,5,35227,35.227,3312.956810631229,4.0441367317275745,42.059022009966775,11859.285376868771,True,False,True,False
70,80,59,1228,1507,13,35730,35.73,3308.5600530856004,64.62031353682814,47.65748123341075,11843.546444716323,True,False,True,True
71,92,80,1234,1506,11,36232,36.232,3310.7569721115538,74.36270542828686,64.66322211155378,11909.316600784361,True,True,False,True
72,0,32,1234,1507,5,36735,36.735,3308.5600530856004,0.0,25.848125414731253,11901.413935488552,True,False,True,False
73,147,88,1225,1507,11,37238,37.238,3308.5600530856004,118.7398261239217,71.08234489051095,11814.612699330208,True,True,False,True
74,0,45,1233,1507,5,37740,37.74,3308.5600530856004,0.0,36.348926364465825,11891.769353693182,True,False,True,False
75,150,61,1226,1507,11,38243,38.243,3308.5600530856004,121.16308788155276,49.272989071831454,11824.25728112558,True,True,False,True
76,0,79,1215,1507,5,38746,38.746,3308.5600530856004,0.0,63.81255961761778,11718.166881376492,True,False,True,False
77,153,43,1225,1506,11,39248,39.248,3310.7569721115538,123.66841228834662,34.75648188496016,11822.457727683017,True,True,False,True
78,0,91,1229,1507,5,39751,39.751,3308.5600530856004,0.0,73.505606648142,11853.191026511693,True,False,True,False
79,156,45,1230,1505,11,40254,40.254,3312.956810631229,126.17706602990032,36.39723058554817,11878.6001738995,True,True,False,True
80,0,90,1228,1505,5,40756,40.756,3312.956810631229,0.0,72.79446117109634,11859.285376868771,True,False,True,False
81,157,53,1228,1507,11,41259,41.259,3308.5600530856004,126.81736531602522,42.810957718148636,11843.546444716323,True,True,False,True
82,0,89,1230,1506,5,41762,41.762,3310.7569721115538,0.0,71.93783459910358,11870.712657183763,True,False,True,False
83,168,65,1212,1507,11,42264,42.264,3308.5600530856004,135.7026584273391,52.504004748672855,11689.233135990378,True,True,False,True
84,0,85,1220,1507,5,42767,42.767,3308.5600530856004,0.0,68.65908313287989,11766.389790353349,True,False,True,False
85,170,71,1221,1507,11,43270,43.27,3308.5600530856004,137.31816626575977,57.35052826393497,11776.034372148722,True,True,False,True
86,0,81,1220,1506,5,43772,43.772,3310.7569721115538,0.0,65.47151238794821,11774.20279818227,True,False,True,False
87,166,74,1189,1507,11,44275,44.275,3308.5600530856004,134.08715058891838,59.77379002156602,11467.407754696831,True,True,False,True
88,0,80,1222,1506,5,44778,44.778,3310.7569721115538,0.0,64.66322211155378,11793.50476998257,True,False,True,False
89,169,65,1227,1506,11,45280,45.28,3310.7569721115538,136.60105671065736,52.53886796563745,11841.759699483315,True,True,False,True
90,0,81,1225,1506,5,45783,45.783,3310.7569721115538,0.0,65.47151238794821,11822.457727683017,True,False,True,False
91,161,53,1222,1507,11,46285,46.285,3308.5600530856004,130.0483809928666,42.810957718148636,11785.678953944092,True,True,False,True
92,0,86,1217,1505,5,46788,46.788,3312.956810631229,0.0,69.55915178571428,11753.05399319975,True,False,True,False
93,147,49,1216,1505,11,47291,47.291,3312.956810631229,118.89761991279069,39.63253997093023,11743.396594684384,True,True,False,True
94,0,89,1225,1507,5,47793,47.793,3308.5600530856004,0.0,71.8900988097213,11814.612699330208,True,False,True,False
95,141,36,1224,1507,11,48296,48.296,3308.5600530856004,113.89330260865958,29.07914109157266,11804.968117534836,True,True,False,True
96,0,81,1217,1505,5,48799,48.799,3312.956810631229,0.0,65.5150150539867,11753.05399319975,True,False,True,False
97,144,47,1230,1507,11,49301,49.301,3308.5600530856004,116.31656436629063,37.96443420288653,11862.835608307067,True,True,False,True
98,0,65,1206,1505,5,49804,49.804,3312.956810631229,0.0,52.57377751245847,11646.82260953073,True,False,True,False
99,136,58,1218,1505,11,50307,50.307,3312.956810631229,110.00051910299003,46.91198608803987,11762.711391715116,True,True,False,True
100,0,31,1213,1505,5,50809,50.809,3312.956810631229,0.0,25.07364773671096,11714.424399138288,True,False,True,False
101,120,75,1212,1506,11,51312,51.312,3310.7569721115538,96.99483316733068,60.62177072958167,11696.994910981075,True,True,False,True
102,1,31,1221,1505,13,51815,51.815,3312.956810631229,0.8088273463455149,25.07364773671096,11791.683587261212,True,False,True,True
103,80,68,1209,1505,3,52317,52.317,3312.956810631229,64.70618770764119,55.00025955149501,11675.794805076825,True,True,False,False
104,75,58,1221,1505,11,52820,52.82,3312.956810631229,60.662050975913616,46.91198608803987,11791.683587261212,True,True,False,True
105,0,41,1219,1506,5,53323,53.323,3310.7569721115538,0.0,33.13990133217131,11764.551812282121,True,False,True,False
106,140,92,1224,1507,11,53825,53.825,3308.5600530856004,113.08554868944924,74.31336056735235,11804.968117534836,True,True,False,True
107,0,39,1211,1507,5,54328,54.328,3308.5600530856004,0.0,31.502402849203715,11679.588554195005,True,False,True,False
108,165,81,1208,1507,11,54831,54.831,3308.5600530856004,133.27939666970804,65.42806745603849,11650.654808808891,True,True,False,True
109,0,73,1220,1505,5,55333,55.333,3312.956810631229,0.0,59.04439628322259,11782.026188745846,True,False,True,False
110,137,37,1207,1507,11,55836,55.836,3308.5600530856004,110.66228693181817,29.88689501078301,11641.01022701352,True,True,False,True
111,0,77,1221,1505,5,56339,56.339,3312.956810631229,0.0,62.27970566860465,11791.683587261212,True,False,True,False
112,132,58,1224,1507,11,56841,56.841,3308.5600530856004,106.62351733576642,46.84972731420039,11804.968117534836,True,True,False,True
113,0,29,1206,1506,5,57344,57.344,3310.7569721115538,0.0,23.440418015438247,11639.08899558018,True,False,True,False
114,102,69,1218,1507,3,57847,57.847,3308.5600530856004,82.39089975945588,55.735020425514264,11747.100626762607,True,True,False,False
115,68,55,1215,1506,11,58349,58.349,3310.7569721115538,54.96373879482071,44.455965201693225,11725.947868681524,True,True,False,True
116,0,35,1214,1506,5,58852,58.852,3310.7569721115538,0.0,28.29015967380478,11716.296882781373,True,False,True,False
117,152,85,1209,1506,11,59355,59.355,3310.7569721115538,122.86012201195219,68.7046734935259,11668.041953280626,True,True,False,True
118,0,58,1205,1506,5,59857,59.857,3310.7569721115538,0.0,46.880836030876495,11629.438009680029,True,False,True,False
119,133,40,1220,1507,11,60360,60.36,3308.5600530856004,107.43127125497678,32.31015676841407,11766.389790353349,True,True,False,True
120,0,70,1206,1507,5,60863,60.863,3308.5600530856004,0.0,56.54277434472462,11631.365645218148,True,False,True,False
121,122,61,1212,1507,11,61365,61.365,3308.5600530856004,98.54597814366291,49.272989071831454,11689.233135990378,True,True,False,True
122,0,29,1205,1505,13,61868,61.868,3312.956810631229,0.0,23.455993044019934,11637.165211015365,True,False,True,True
123,46,55,1205,1506,5,62370,62.37,3310.7569721115538,37.18135271414343,44.455965201693225,11629.438009680029,True,False,True,False
124,132,80,1200,1506,11,62873,62.873,3310.7569721115538,106.69431648406375,64.66322211155378,11581.183080179282,True,True,False,True
125,0,40,1204,1507,5,63376,63.376,3308.5600530856004,0.0,32.31015676841407,11612.076481627404,True,False,True,False
126,135,49,1204,1505,11,63878,63.878,3312.956810631229,109.19169175664452,39.63253997093023,11627.507812499998,True,True,False,True
127,0,72,1205,1507,5,64381,64.381,3308.5600530856004,0.0,58.15828218314532,11621.721063422776,True,False,True,False
128,123,60,1209,1505,11,64884,64.884,3312.956810631229,99.48576360049833,48.529640780730894,11675.794805076825,True,True,False,True
129,0,33,1200,1506,13,65386,65.386,3310.7569721115538,0.0,26.673579121015937,11581.183080179282,True,False,True,True
130,21,39,1202,1507,5,65889,65.889,3308.5600530856004,16.962832303417386,31.502402849203715,11592.78731803666,True,False,True,False
131,133,82,1205,1507,11,66392,66.392,3308.5600530856004,107.43127125497678,66.23582137524883,11621.721063422776,True,True,False,True
132,0,58,1215,1507,5,66894,66.894,3308.5600530856004,0.0,46.84972731420039,11718.166881376492,True,False,True,False
133,129,37,1209,1507,11,67397,67.397,3308.5600530856004,104.20025557813537,29.88689501078301,11660.299390604263,True,True,False,True
134,0,41,1200,1506,5,67900,67.9,3310.7569721115538,0.0,33.13990133217131,11581.183080179282,True,False,True,False
135,94,65,1196,1505,3,68402,68.402,3312.956810631229,76.0297705564784,52.57377751245847,11550.248624377075,True,True,False,False
136,95,61,1209,1506,11,68905,68.905,3310.7569721115538,76.78757625747012,49.30570686005976,11668.041953280626,True,True,False,True
137,0,37,1203,1505,5,69408,69.408,3312.956810631229,0.0,29.926611814784053,11617.850413984634,True,False,True,False
138,132,45,1200,1507,11,69910,69.91,3308.5600530856004,106.62351733576642,36.348926364465825,11573.498154445919,True,True,False,True
139,0,66,1205,1504,5,70413,70.413,3315.159574468085,0.0,53.41809861203457,11644.90268788439,True,False,True,False
140,109,66,1202,1505,3,70916,70.916,3312.956810631229,88.16218075166113,53.38260485880399,11608.193015469267,True,True,False,False
141,61,52,1209,1506,11,71418,71.418,3310.7569721115538,49.30570686005976,42.03109437250996,11668.041953280626,True,True,False,True
142,0,26,1205,1507,5,71921,71.921,3308.5600530856004,0.0,21.001601899469144,11621.721063422776,True,False,True,False
143,126,49,1211,1506,11,72424,72.424,3310.7569721115538,101.84457482569721,39.60622354332669,11687.343925080926,True,True,False,True
144,0,65,1189,1506,5,72926,72.926,3310.7569721115538,0.0,52.53886796563745,11475.022235277638,True,False,True,False
145,106,59,1208,1506,3,73429,73.429,3310.7569721115538,85.67876929780877,47.68912630727092,11658.390967380477,True,True,False,False
146,59,53,1197,1506,11,73932,73.932,3310.7569721115538,47.68912630727092,42.839384648904385,11552.230122478833,True,True,False,True
147,0,30,1200,1507,5,74434,74.434,3308.5600530856004,0.0,24.23261757631055,11573.498154445919,True,False,True,False
148,124,40,1200,1505,11,74937,74.937,3312.956810631229,100.29459094684384,32.353093853820596,11588.878218438536,True,True,False,True
149,0,57,1205,1505,5,75440,75.44,3312.956810631229,0.0,46.10315874169435,11637.165211015365,True,False,True,False
150,93,61,1199,1506,7,75942,75.942,3310.7569721115538,75.17099570468127,49.30570686005976,11571.532094279133,True,True,True,False
151,107,69,1196,1506,11,76445,76.445,3310.7569721115538,86.48705957420319,55.77202907121514,11542.579136578684,True,True,False,True
152,0,42,1200,1505,5,76948,76.948,3312.956810631229,0.0,33.97074854651163,11588.878218438536,True,False,True,False
153,124,38,1197,1504,11,77450,77.45,3315.159574468085,100.36127618018617,30.755874958444146,11567.592130620427,True,True,False,True
154,0,29,1195,1507,13,77953,77.953,3308.5600530856004,0.0,23.424863657100197,11525.27524546906,True,False,True,True
155,25,39,1195,1506,5,78455,78.455,3310.7569721115538,20.207256909860558,31.52332077938247,11532.928150678536,True,False,True,False
156,130,70,1193,1507,11,78958,78.958,3308.5600530856004,105.00800949734571,56.54277434472462,11505.986081878316,True,True,False,True
157,0,64,1201,1505,5,79461,79.461,3312.956810631229,0.0,51.76495016611295,11598.535616953903,True,False,True,False
158,109,56,1196,1506,3,79963,79.963,3310.7569721115538,88.10364012699203,45.26425547808765,11542.579136578684,True,True,False,False
159,52,51,1207,1505,11,80466,80.466,3312.956810631229,42.059022009966775,41.25019466362126,11656.480008046095,True,True,False,True
160,0,35,1173,1507,5,80969,80.969,3308.5600530856004,0.0,28.27138717236231,11313.094445970884,True,False,True,False
161,116,35,1197,1507,11,81471,81.471,3308.5600530856004,93.69945462840079,28.27138717236231,11544.564409059803,True,True,False,True
162,0,33,1201,1506,13,81974,81.974,3310.7569721115538,0.0,26.673579121015937,11590.834066079431,True,False,True,True
163,39,45,1203,1506,5,82477,82.477,3310.7569721115538,31.52332077938247,36.373062437749006,11610.13603787973,True,False,True,False
164,121,66,1189,1507,11,82979,82.979,3308.5600530856004,97.73822422445255,53.31175866788321,11467.407754696831,True,True,False,True
165,0,62,1194,1506,5,83482,83.482,3310.7569721115538,0.0,50.11399713645418,11523.277164778387,True,False,True,False
166,96,57,1193,1505,3,83985,83.985,3312.956810631229,77.64742524916943,46.10315874169435,11521.276428830979,True,True,False,False
167,86,64,1201,1507,11,84487,84.487,3308.5600530856004,69.46683705209024,51.69625082946251,11583.14273624129,True,True,False,True
168,0,49,1196,1506,5,84990,84.99,3310.7569721115538,0.0,39.60622354332669,11542.579136578684,True,False,True,False
169,122,44,1192,1507,11,85493,85.493,3308.5600530856004,98.54597814366291,35.54117244525548,11496.341500082946,True,True,False,True
170,14,41,1199,1507,9,85995,85.995,3308.5600530856004,11.308554868944924,33.117910687624416,11563.853572650547,True,False,False,True
171,0,30,1194,1505,5,86498,86.498,3312.956810631229,0.0,24.264820390365447,11530.933827346344,True,False,True,False
172,119,36,1194,1507,11,87001,87.001,3308.5600530856004,96.12271638603185,29.07914109157266,11515.63066367369,True,True,False,True
173,0,36,1196,1507,13,87503,87.503,3308.5600530856004,0.0,29.07914109157266,11534.919827264432,True,False,True,True
174,28,35,1193,1507,5,88006,88.006,3308.5600530856004,22.617109737889848,28.27138717236231,11505.986081878316,True,False,True,False
175,115,59,1196,1505,11,88509,88.509,3312.956810631229,93.01514482973421,47.72081343438538,11550.248624377075,True,True,False,True
176,0,56,1189,1505,5,89011,89.011,3312.956810631229,0.0,45.294331395348834,11482.646834769517,True,False,True,False
177,82,57,1188,1507,7,89514,89.514,3308.5600530856004,66.23582137524883,46.041973394990045,11457.76317290146,True,True,True,False
178,108,67,1191,1506,11,90017,90.017,3310.7569721115538,87.2953498505976,54.1554485184263,11494.324207077938,True,True,False,True
179,0,59,1188,1507,5,90519,90.519,3308.5600530856004,0.0,47.65748123341075,11457.76317290146,True,False,True,False
180,93,54,1189,1504,3,91022,91.022,3315.159574468085,75.27095713513962,43.705717046210104,11490.281573356464,True,True,False,False
181,97,65,1192,1507,11,91525,91.525,3308.5600530856004,78.35213016340411,52.504004748672855,11496.341500082946,True,True,False,True
182,0,54,1180,1506,5,92027,92.027,3310.7569721115538,0.0,43.6476749252988,11388.163362176294,True,False,True,False
183,96,43,1197,1507,3,92530,92.53,3308.5600530856004,77.54437624419376,34.73341852604512,11544.564409059803,True,True,False,False
184,73,53,1191,1507,11,93033,93.033,3308.5600530856004,58.96603610235567,42.810957718148636,11486.696918287575,True,True,False,True
185,0,47,1197,1507,5,93535,93.535,3308.5600530856004,0.0,37.96443420288653,11544.564409059803,True,False,True,False
186,106,42,1175,1506,3,94038,94.038,3310.7569721115538,85.67876929780877,33.948191608565736,11339.908432675547,True,True,False,False
187,46,48,1182,1505,11,94540,94.54,3312.956810631229,37.20605793189368,38.823712624584715,11415.04504516196,True,True,False,True
188,0,41,1201,1507,5,95043,95.043,3308.5600530856004,0.0,33.117910687624416,11583.14273624129,True,False,True,False
189,107,38,1187,1506,3,95546,95.546,3310.7569721115538,86.48705957420319,30.715030502988046,11455.72026347734,True,True,False,False
190,39,43,1173,1507,11,96048,96.048,3308.5600530856004,31.502402849203715,34.73341852604512,11313.094445970884,True,True,False,True
191,0,41,1187,1507,5,96551,96.551,3308.5600530856004,0.0,33.117910687624416,11448.118591106087,True,False,True,False
192,106,34,1188,1507,3,97054,97.054,3308.5600530856004,85.62191543629727,27.463633253151958,11457.76317290146,True,True,False,False
193,37,45,1182,1505,11,97556,97.556,3312.956810631229,29.926611814784053,36.39723058554817,11415.04504516196,True,True,False,True
194,0,41,1188,1505,5,98059,98.059,3312.956810631229,0.0,33.16192120016611,11472.989436254153,True,False,True,False
195,98,37,1176,1505,3,98562,98.562,3312.956810631229,79.26507994186046,29.926611814784053,11357.100654069765,True,True,False,False
196,38,47,1221,1505,11,99064,99.064,3312.956810631229,30.735439161129566,38.0148852782392,11791.683587261212,True,True,False,True
197,0,42,1192,1505,5,99567,99.567,3312.956810631229,0.0,33.97074854651163,11511.619030315613,True,False,True,False
198,88,36,1153,1505,3,100070,100.07,3312.956810631229,71.17680647840531,29.117784468438536,11134.98048821636,True,True,False,False
199,55,46,1186,1505,11,100572,100.572,3312.956810631229,44.48550404900332,37.20605793189368,11453.67463922342,True,True,False,True
200,0,48,1180,1507,5,101075,101.075,3308.5600530856004,0.0,38.77218812209688,11380.606518538487,True,False,True,False
201,90,41,1189,1505,3,101578,101.578,3312.956810631229,72.79446117109634,33.16192120016611,11482.646834769517,True,True,False,False
202,85,56,1170,1507,11,102080,102.08,3308.5600530856004,68.65908313287989,45.234219475779696,11284.160700584769,True,True,False,True
203,0,53,1183,1505,5,102583,102.583,3312.956810631229,0.0,42.86784935631229,11424.702443677324,True,False,True,False
204,87,45,1191,1506,7,103086,103.086,3310.7569721115538,70.32125404631473,36.373062437749006,11494.324207077938,True,True,True,False
205,91,59,1182,1506,11,103588,103.588,3310.7569721115538,73.55441515189243,47.68912630727092,11407.465333976592,True,True,False,True
206,0,47,1157,1506,5,104091,104.091,3310.7569721115538,0.0,37.989642990537845,11166.190686472859,True,False,True,False
207,66,45,1176,1506,7,104594,104.594,3310.7569721115538,53.347158242031874,36.373062437749006,11349.559418575696,True,True,True,False
208,105,55,1182,1506,11,105096,105.096,3310.7569721115538,84.87047902141434,44.455965201693225,11407.465333976592,True,True,False,True
209,0,40,1182,1507,13,105599,105.599,3308.5600530856004,0.0,32.31015676841407,11399.89568212923,True,False,True,True
210,32,32,1189,1506,5,106102,106.102,3310.7569721115538,25.865288844621514,25.865288844621514,11475.022235277638,True,False,True,False
211,95,32,1180,1507,11,106604,106.604,3308.5600530856004,76.73662232498341,25.848125414731253,11380.606518538487,True,True,False,True
212,0,36,1172,1508,13,107107,107.107,3306.366047745358,0.0,29.05985784151194,11295.95420776691,True,False,True,True
213,0,29,1181,1506,5,107610,107.61,3310.7569721115538,0.0,23.440418015438247,11397.814348076443,True,False,True,False
214,97,29,1182,1505,11,108112,108.112,3312.956810631229,78.45625259551494,23.455993044019934,11415.04504516196,True,True,False,True
215,20,44,1173,1506,11,108615,108.615,3310.7569721115538,16.165805527888445,35.56477216135458,11320.60646087525,True,True,False,True
216,0,40,1183,1505,5,109118,109.118,3312.956810631229,0.0,32.353093853820596,11424.702443677324,True,False,True,False
217,91,39,1177,1507,3,109620,109.62,3308.5600530856004,73.505606648142,31.502402849203715,11351.672773152372,True,True,False,False
218,72,51,1185,1507,11,110123,110.123,3308.5600530856004,58.15828218314532,41.19544987972794,11428.829427515344,True,True,False,True
219,0,50,1168,1506,5,110625,110.625,3310.7569721115538,0.0,40.414513819721115,11272.351531374501,True,False,True,False
220,79,46,1181,1505,7,111128,111.128,3312.956810631229,63.897360361295675,37.20605793189368,11405.387646646594,True,True,True,False
221,97,54,1175,1507,11,111631,111.631,3308.5600530856004,78.35213016340411,43.61871163735899,11332.383609561628,True,True,False,True
222,0,36,1177,1508,13,112133,112.133,3306.366047745358,0.0,29.05985784151194,11344.145138687416,True,False,True,True
223,8,33,1167,1505,5,112636,112.636,3312.956810631229,6.470618770764119,26.691302429401993,11270.184067431477,True,False,True,False
224,96,27,1176,1505,11,113139,113.139,3312.956810631229,77.64742524916943,21.8383383513289,11357.100654069765,True,True,False,True
225,11,40,1175,1507,9,113641,113.641,3308.5600530856004,8.88529311131387,32.31015676841407,11332.383609561628,True,False,False,True
226,0,34,1173,1507,5,114144,114.144,3308.5600530856004,0.0,27.463633253151958,11313.094445970884,True,False,True,False
227,85,34,1201,1508,3,114647,114.647,3306.366047745358,68.61355323690319,27.445421294761275,11575.461607105852,True,True,False,False
228,75,49,1171,1505,11,115149,115.149,3312.956810631229,60.662050975913616,39.63253997093023,11308.813661492939,True,True,False,True
229,0,43,1172,1507,5,115652,115.652,3308.5600530856004,0.0,34.73341852604512,11303.449864175513,True,False,True,False
230,55,38,1177,1507,5,116155,116.155,3308.5600530856004,44.42646555656934,30.694648929993363,11351.672773152372,True,False,True,False
231,89,35,1175,1506,11,116657,116.657,3310.7569721115538,71.93783459910358,28.29015967380478,11339.908432675547,True,True,False,True
232,0,33,1165,1506,9,117160,117.16,3310.7569721115538,0.0,26.673579121015937,11243.398573674052,True,False,False,True
233,0,32,1173,1505,5,117663,117.663,3312.956810631229,0.0,25.882475083056477,11328.12845852367,True,False,True,False
234,91,35,1175,1505,3,118165,118.165,3312.956810631229,73.60328851744185,28.30895712209302,11347.4432555544,True,True,False,False
235,55,40,1164,1507,11,118668,118.668,3308.5600530856004,44.42646555656934,32.31015676841407,11226.29320981254,True,True,False,True
236,0,45,1173,1505,5,119171,119.171,3312.956810631229,0.0,36.39723058554817,11328.12845852367,True,False,True,False
237,64,38,1167,1507,7,119673,119.673,3308.5600530856004,51.69625082946251,30.694648929993363,11255.226955198656,True,True,True,False
238,89,45,1166,1507,11,120176,120.176,3308.5600530856004,71.8900988097213,36.348926364465825,11245.582373403284,True,True,False,True
239,0,29,1177,1505,9,120679,120.679,3312.956810631229,0.0,23.455993044019934,11366.758052585132,True,False,False,True
240,0,30,1177,1506,5,121181,121.181,3310.7569721115538,0.0,24.24870829183267,11359.210404475847,True,False,True,False
241,88,26,1169,1506,3,121684,121.684,3310.7569721115538,71.12954432270917,21.01554718625498,11282.00251727465,True,True,False,False
242,56,41,1165,1506,11,122187,122.187,3310.7569721115538,45.26425547808765,33.13990133217131,11243.398573674052,True,True,False,True
243,0,43,1166,1507,5,122689,122.689,3308.5600530856004,0.0,34.73341852604512,11245.582373403284,True,False,True,False
244,47,33,1169,1506,5,123192,123.192,3310.7569721115538,37.989642990537845,26.673579121015937,11282.00251727465,True,False,True,False
245,85,28,1167,1505,11,123695,123.695,3312.956810631229,68.75032443936877,22.647165697674417,11270.184067431477,True,True,False,True
246,5,31,1156,1506,9,124197,124.197,3310.7569721115538,4.041451381972111,25.05699856822709,11156.539700572708,True,False,False,True
247,0,34,1170,1506,5,124700,124.7,3310.7569721115538,0.0,27.481869397410357,11291.6535031748,True,False,True,False
248,80,37,1169,1505,7,125203,125.203,3312.956810631229,64.70618770764119,29.926611814784053,11289.498864462208,True,True,True,False
249,80,49,1176,1506,11,125705,125.705,3310.7569721115538,64.66322211155378,39.60622354332669,11349.559418575696,True,True,False,True
250,0,33,1193,1506,13,126208,126.208,3310.7569721115538,0.0,26.673579121015937,11513.626178878238,True,False,True,True
251,5,28,1207,1507,5,126710,126.71,3308.5600530856004,4.0387695960517584,22.617109737889848,11641.01022701352,True,False,True,False
252,87,29,1201,1507,3,127213,127.213,3308.5600530856004,70.2745909713006,23.424863657100197,11583.14273624129,True,True,False,False
253,44,37,1207,1506,11,127716,127.716,3310.7569721115538,35.56477216135458,29.906740226593627,11648.739981480328,True,True,False,True
254,0,38,1215,1507,5,128218,128.218,3308.5600530856004,0.0,30.694648929993363,11718.166881376492,True,False,True,False
255,51,33,1213,1506,5,128721,128.721,3310.7569721115538,41.22280409611554,26.673579121015937,11706.645896881226,True,False,True,False
256,81,25,1216,1506,11,129224,129.224,3310.7569721115538,65.47151238794821,20.207256909860558,11735.598854581673,True,True,False,True
257,5,31,1212,1507,9,129726,129.726,3308.5600530856004,4.0387695960517584,25.0403714955209,11689.233135990378,True,False,False,True
258,0,31,1208,1505,5,130229,130.229,3312.956810631229,0.0,25.07364773671096,11666.137406561462,True,False,True,False
259,69,36,1211,1506,7,130732,130.732,3310.7569721115538,55.77202907121514,29.098449950199203,11687.343925080926,True,True,True,False
260,80,40,1213,1506,11,131234,131.234,3310.7569721115538,64.66322211155378,32.33161105577689,11706.645896881226,True,True,False,True
261,0,25,1212,1505,9,131737,131.737,3312.956810631229,0.0,20.220683658637874,11704.767000622922,True,False,False,True
262,0,27,1212,1506,5,132240,132.24,3310.7569721115538,0.0,21.8238374626494,11696.994910981075,True,False,True,False
263,76,29,1205,1507,3,132742,132.742,3308.5600530856004,61.389297859986726,23.424863657100197,11621.721063422776,True,True,False,False
264,73,44,1212,1506,11,133245,133.245,3310.7569721115538,59.00519017679283,35.56477216135458,11696.994910981075,True,True,False,True
265,0,26,1216,1507,13,133748,133.748,3308.5600530856004,0.0,21.001601899469144,11727.811463171864,True,False,True,True
266,0,25,1201,1507,5,134250,134.25,3308.5600530856004,0.0,20.19384798025879,11583.14273624129,True,False,True,False
267,80,23,1207,1507,3,134753,134.753,3308.5600530856004,64.62031353682814,18.578340141838087,11641.01022701352,True,True,False,False
268,64,43,1214,1507,11,135256,135.256,3308.5600530856004,51.69625082946251,34.73341852604512,11708.52229958112,True,True,False,True
269,0,34,1207,1506,13,135758,135.758,3310.7569721115538,0.0,27.481869397410357,11648.739981480328,True,False,True,True
270,5,21,1217,1506,5,136261,136.261,3310.7569721115538,4.041451381972111,16.974095804282868,11745.249840481822,True,False,True,False
271,80,22,1204,1506,3,136764,136.764,3310.7569721115538,64.66322211155378,17.78238608067729,11619.78702377988,True,True,False,False
272,51,37,1216,1507,11,137266,137.266,3308.5600530856004,41.19544987972794,29.88689501078301,11727.811463171864,True,True,False,True
273,0,32,1220,1507,13,137769,137.769,3308.5600530856004,0.0,25.848125414731253,11766.389790353349,True,False,True,True
274,9,19,1206,1505,5,138272,138.272,3312.956810631229,7.279446117109634,15.367719580564783,11646.82260953073,True,False,True,False
275,76,25,1228,1507,3,138774,138.774,3308.5600530856004,61.389297859986726,20.19384798025879,11843.546444716323,True,True,False,False
276,43,32,1213,1507,11,139277,139.277,3308.5600530856004,34.73341852604512,25.848125414731253,11698.877717785748,True,True,False,True
277,0,32,1216,1506,13,139780,139.78,3310.7569721115538,0.0,25.865288844621514,11735.598854581673,True,False,True,True
278,15,22,1205,1505,5,140282,140.282,3312.956810631229,12.132410195182723,17.794201619601328,11637.165211015365,True,False,True,False
279,82,21,1205,1505,3,140785,140.785,3312.956810631229,66.32384240033223,16.985374273255815,11637.165211015365,True,True,False,False
280,49,35,1211,1506,11,141288,141.288,3310.7569721115538,39.60622354332669,28.29015967380478,11687.343925080926,True,True,False,True
281,0,34,1216,1507,13,141790,141.79,3308.5600530856004,0.0,27.463633253151958,11727.811463171864,True,False,True,True
282,9,21,1220,1507,5,142293,142.293,3308.5600530856004,7.269785272893165,16.962832303417386,11766.389790353349,True,False,True,False
283,83,25,1212,1507,3,142795,142.795,3308.5600530856004,67.04357529445919,20.19384798025879,11689.233135990378,True,True,False,False
284,54,39,1221,1506,11,143298,143.298,3310.7569721115538,43.6476749252988,31.52332077938247,11783.85378408242,True,True,False,True
285,0,32,1206,1505,13,143801,143.801,3312.956810631229,0.0,25.882475083056477,11646.82260953073,True,False,True,True
286,0,24,1207,1507,5,144303,144.303,3308.5600530856004,0.0,19.38609406104844,11641.01022701352,True,False,True,False
287,82,24,1188,1506,3,144806,144.806,3310.7569721115538,66.27980266434263,19.398966633466134,11465.37124937749,True,True,False,False
288,66,45,1220,1505,11,145309,145.309,3312.956810631229,53.38260485880399,36.39723058554817,11782.026188745846,True,True,False,True
289,0,26,1213,1506,13,145811,145.811,3310.7569721115538,0.0,21.01554718625498,11706.645896881226,True,False,True,True
290,0,26,1207,1505,5,146314,146.314,3312.956810631229,0.0,21.029511004983387,11656.480008046095,True,False,True,False
291,66,30,1207,1506,7,146817,146.817,3310.7569721115538,53.347158242031874,24.24870829183267,11648.739981480328,True,True,True,False
292,69,38,1212,1507,11,147319,147.319,3308.5600530856004,55.735020425514264,30.694648929993363,11689.233135990378,True,True,False,True
293,0,20,1207,1506,9,147822,147.822,3310.7569721115538,0.0,16.165805527888445,11648.739981480328,True,False,False,True
294,0,30,1217,1506,5,148325,148.325,3310.7569721115538,0.0,24.24870829183267,11745.249840481822,True,False,True,False
295,60,29,1241,1507,7,148827,148.827,3308.5600530856004,48.4652351526211,23.424863657100197,11968.926008056154,True,True,True,False
296,70,30,1209,1505,11,149330,149.33,3312.956810631229,56.61791424418604,24.264820390365447,11675.794805076825,True,True,False,True
297,1,26,1213,1507,9,149833,149.833,3308.5600530856004,0.8077539192103517,21.001601899469144,11698.877717785748,True,False,False,True
298,0,32,1209,1507,5,150335,150.335,3308.5600530856004,0.0,25.848125414731253,11660.299390604263,True,False,True,False
299,47,30,1213,1507,5,150838,150.838,3308.5600530856004,37.96443420288653,24.23261757631055,11698.877717785748,True,False,True,False
300,75,20,1209,1505,3,151341,151.341,3312.956810631229,60.662050975913616,16.176546926910298,11675.794805076825,True,True,False,False
301,20,31,1214,1505,11,151844,151.844,3312.956810631229,16.176546926910298,25.07364773671096,11724.081797653653,True,True,False,True
302,0,29,1217,1507,13,152347,152.347,3308.5600530856004,0.0,23.424863657100197,11737.456044967235,True,False,True,True
303,0,19,1213,1508,5,152849,152.849,3306.366047745358,0.0,15.3371471941313,11691.11984131507,True,False,True,False
304,73,26,1207,1505,3,153352,153.352,3312.956810631229,59.04439628322259,21.029511004983387,11656.480008046095,True,True,False,False
305,64,37,1198,1509,11,153855,153.855,3304.1749502982107,51.62773359840954,29.847283486580515,11538.895261245028,True,True,False,True
306,0,26,1213,1505,9,154357,154.357,3312.956810631229,0.0,21.029511004983387,11714.424399138288,True,False,False,True
307,0,24,1215,1506,5,154860,154.86,3310.7569721115538,0.0,19.398966633466134,11725.947868681524,True,False,True,False
308,60,29,1217,1506,7,155362,155.362,3310.7569721115538,48.49741658366534,23.440418015438247,11745.249840481822,True,True,True,False
309,63,25,1212,1505,11,155865,155.865,3312.956810631229,50.95612281976744,20.220683658637874,11704.767000622922,True,True,False,True
310,6,26,1220,1506,11,156368,156.368,3310.7569721115538,4.849741658366534,21.01554718625498,11774.20279818227,True,True,False,True
311,0,36,1219,1507,13,156870,156.87,3308.5600530856004,0.0,29.07914109157266,11756.745208557979,True,False,True,True
312,28,22,1212,1507,5,157373,157.373,3308.5600530856004,22.617109737889848,17.77058622262774,11689.233135990378,True,False,True,False
313,68,23,1211,1505,3,157876,157.876,3312.956810631229,55.00025955149501,18.60302896594684,11695.109602107557,True,True,False,False
314,56,31,1219,1508,11,158378,158.378,3306.366047745358,45.204223309018566,25.02376647463528,11748.948958419678,True,True,False,True
315,0,25,1216,1506,13,158881,158.881,3310.7569721115538,0.0,20.207256909860558,11735.598854581673,True,False,True,True
316,0,23,1209,1506,5,159384,159.384,3310.7569721115538,0.0,18.590676357071715,11668.041953280626,True,False,True,False
317,63,25,1210,1506,7,159886,159.886,3310.7569721115538,50.922287412848604,20.207256909860558,11677.692939180777,True,True,True,False
318,58,26,1202,1505,11,160389,160.389,3312.956810631229,46.91198608803987,21.029511004983387,11608.193015469267,True,True,False,True
319,4,23,1226,1507,11,160892,160.892,3308.5600530856004,3.2310156768414067,18.578340141838087,11824.25728112558,True,True,False,True
320,0,29,1210,1507,13,161394,161.394,3308.5600530856004,0.0,23.424863657100197,11669.943972399635,True,False,True,True
321,15,20,1233,1508,5,161897,161.897,3306.366047745358,12.108274100629973,16.14436546750663,11883.883564997099,True,False,True,False
322,70,19,1216,1507,3,162400,162.4,3308.5600530856004,56.54277434472462,15.347324464996682,11727.811463171864,True,True,False,False
323,56,33,1220,1504,11,162902,162.902,3315.159574468085,45.32444730718085,26.709049306017285,11789.85998275432,True,True,False,True
324,0,19,1207,1506,9,163405,163.405,3310.7569721115538,0.0,15.357515251494023,11648.739981480328,True,False,False,True
325,0,21,1213,1506,5,163908,163.908,3310.7569721115538,0.0,16.974095804282868,11706.645896881226,True,False,True,False
326,44,25,1212,1505,5,164410,164.41,3312.956810631229,35.588403239202655,20.220683658637874,11704.767000622922,True,False,True,False
327,63,15,1220,1507,3,164913,164.913,3308.5600530856004,50.88849691025216,12.116308788155274,11766.389790353349,True,True,False,False
328,23,27,1208,1505,11,165416,165.416,3312.956810631229,18.60302896594684,21.8383383513289,11666.137406561462,True,True,False,True
329,0,26,1220,1507,13,165918,165.918,3308.5600530856004,0.0,21.001601899469144,11766.389790353349,True,False,True,True
330,0,21,1204,1506,5,166421,166.421,3310.7569721115538,0.0,16.974095804282868,11619.78702377988,True,False,True,False
331,50,23,1216,1507,7,166924,166.924,3308.5600530856004,40.38769596051758,18.578340141838087,11727.811463171864,True,True,True,False
332,60,24,1217,1505,11,167426,167.426,3312.956810631229,48.529640780730894,19.411856312292358,11753.05399319975,True,True,False,True
333,1,24,1204,1507,11,167929,167.929,3308.5600530856004,0.8077539192103517,19.38609406104844,11612.076481627404,True,True,False,True
334,0,28,1216,1506,13,168432,168.432,3310.7569721115538,0.0,22.632127739043824,11735.598854581673,True,False,True,True
335,9,18,1212,1506,5,168934,168.934,3310.7569721115538,7.274612487549801,14.549224975099602,11696.994910981075,True,False,True,False
336,58,21,1216,1506,3,169437,169.437,3310.7569721115538,46.880836030876495,16.974095804282868,11735.598854581673,True,True,False,False
337,58,31,1205,1506,11,169940,169.94,3310.7569721115538,46.880836030876495,25.05699856822709,11629.438009680029,True,True,False,True
338,0,19,1218,1505,9,170442,170.442,3312.956810631229,0.0,15.367719580564783,11762.711391715116,True,False,False,True
339,0,25,1213,1505,13,170945,170.945,3312.956810631229,0.0,20.220683658637874,11714.424399138288,True,False,True,True
340,25,18,1217,1507,5,171447,171.447,3308.5600530856004,20.19384798025879,14.53957054578633,11737.456044967235,True,False,True,False
341,65,19,1221,1507,3,171950,171.95,3308.5600530856004,52.504004748672855,15.347324464996682,11776.034372148722,True,True,False,False
342,52,27,1207,1507,11,172453,172.453,3308.5600530856004,42.00320379893829,21.809355818679496,11641.01022701352,True,True,False,True
343,0,16,1214,1505,9,172955,172.955,3312.956810631229,0.0,12.941237541528238,11724.081797653653,True,False,False,True
344,0,21,1205,1507,5,173458,173.458,3308.5600530856004,0.0,16.962832303417386,11621.721063422776,True,False,True,False
345,33,20,1213,1506,5,173961,173.961,3310.7569721115538,26.673579121015937,16.165805527888445,11706.645896881226,True,False,True,False
346,60,17,1208,1506,3,174463,174.463,3310.7569721115538,48.49741658366534,13.740934698705178,11658.390967380477,True,True,False,False
347,49,29,1217,1507,11,174966,174.966,3308.5600530856004,39.579942041307234,23.424863657100197,11737.456044967235,True,True,False,True
348,0,17,1224,1507,9,175469,175.469,3308.5600530856004,0.0,13.731816626575979,11804.968117534836,True,False,False,True
349,0,20,1221,1507,5,175971,175.971,3308.5600530856004,0.0,16.155078384207034,11776.034372148722,True,False,True,False
350,32,18,1208,1507,5,176474,176.474,3308.5600530856004,25.848125414731253,14.53957054578633,11650.654808808891,True,False,True,False
351,56,17,1217,1505,3,176977,176.977,3312.956810631229,45.294331395348834,13.750064887873753,11753.05399319975,True,True,False,False
352,50,25,1201,1506,11,177479,177.479,3310.7569721115538,40.414513819721115,20.207256909860558,11590.834066079431,True,True,False,True
353,0,20,1220,1506,9,177982,177.982,3310.7569721115538,0.0,16.165805527888445,11774.20279818227,True,False,False,True
354,0,20,1217,1506,5,178485,178.485,3310.7569721115538,0.0,16.165805527888445,11745.249840481822,True,False,True,False
355,26,19,1220,1506,5,178987,178.987,3310.7569721115538,21.01554718625498,15.357515251494023,11774.20279818227,True,False,True,False
356,63,17,1209,1507,3,179490,179.49,3308.5600530856004,50.88849691025216,13.731816626575979,11660.299390604263,True,True,False,False
357,48,29,1223,1507,11,179993,179.993,3308.5600530856004,38.77218812209688,23.424863657100197,11795.323535739464,True,True,False,True
358,0,16,1212,1507,9,180495,180.495,3308.5600530856004,0.0,12.924062707365627,11689.233135990378,True,False,False,True
359,0,22,1208,1507,13,180998,180.998,3308.5600530856004,0.0,17.77058622262774,11650.654808808891,True,False,True,True
360,12,16,1209,1506,5,181501,181.501,3310.7569721115538,9.699483316733067,12.932644422310757,11668.041953280626,True,False,True,False
361,59,14,1208,1506,7,182003,182.003,3310.7569721115538,47.68912630727092,11.316063869521912,11658.390967380477,True,True,True,False
362,57,24,1212,1507,11,182506,182.506,3308.5600530856004,46.041973394990045,19.38609406104844,11689.233135990378,True,True,False,True
363,3,17,1209,1506,11,183009,183.009,3310.7569721115538,2.424870829183267,13.740934698705178,11668.041953280626,True,True,False,True
364,0,25,1212,1505,13,183511,183.511,3312.956810631229,0.0,20.220683658637874,11704.767000622922,True,False,True,True
365,0,15,1212,1506,5,184014,184.014,3310.7569721115538,0.0,12.124354145916335,11696.994910981075,True,False,True,False
366,55,20,1220,1505,7,184517,184.517,3312.956810631229,44.48550404900332,16.176546926910298,11782.026188745846,True,True,True,False
367,49,20,1218,1505,11,185019,185.019,3312.956810631229,39.63253997093023,16.176546926910298,11762.711391715116,True,True,False,True
368,15,25,1218,1506,11,185522,185.522,3310.7569721115538,12.124354145916335,20.207256909860558,11754.90082638197,True,True,False,True
369,0,22,1224,1506,13,186025,186.025,3310.7569721115538,0.0,17.78238608067729,11812.806741782868,True,False,True,True
370,0,19,1220,1507,5,186527,186.527,3308.5600530856004,0.0,15.347324464996682,11766.389790353349,True,False,True,False
371,45,23,1219,1506,5,187030,187.03,3310.7569721115538,36.373062437749006,18.590676357071715,11764.551812282121,True,False,True,False
372,56,17,1217,1505,3,187532,187.532,3312.956810631229,45.294331395348834,13.750064887873753,11753.05399319975,True,True,False,False
373,42,25,1215,1506,11,188035,188.035,3310.7569721115538,33.948191608565736,20.207256909860558,11725.947868681524,True,True,False,True
374,0,19,1211,1507,9,188538,188.538,3308.5600530856004,0.0,15.347324464996682,11679.588554195005,True,False,False,True
375,0,23,1220,1507,5,189040,189.04,3308.5600530856004,0.0,18.578340141838087,11766.389790353349,True,False,True,False
376,29,14,1221,1505,5,189543,189.543,3312.956810631229,23.455993044019934,11.323582848837209,11791.683587261212,True,False,True,False
377,58,17,1197,1507,7,190046,190.046,3308.5600530856004,46.84972731420039,13.731816626575979,11544.564409059803,True,True,True,False
378,48,21,1220,1505,11,190548,190.548,3312.956810631229,38.823712624584715,16.985374273255815,11782.026188745846,True,True,False,True
379,5,21,1223,1507,11,191051,191.051,3308.5600530856004,4.0387695960517584,16.962832303417386,11795.323535739464,True,True,False,True
380,0,17,1214,1505,13,191554,191.554,3312.956810631229,0.0,13.750064887873753,11724.081797653653,True,False,True,True
381,0,17,1217,1506,5,192056,192.056,3310.7569721115538,0.0,13.740934698705178,11745.249840481822,True,False,True,False
382,39,19,1216,1507,7,192559,192.559,3308.5600530856004,31.502402849203715,15.347324464996682,11727.811463171864,True,True,True,False
383,57,15,1209,1506,3,193062,193.062,3310.7569721115538,46.07254575448207,12.124354145916335,11668.041953280626,True,True,False,False
384,35,25,1239,1507,11,193564,193.564,3308.5600530856004,28.27138717236231,20.19384798025879,11949.63684446541,True,True,False,True
385,0,18,1212,1505,9,194067,194.067,3312.956810631229,0.0,14.558892234219268,11704.767000622922,True,False,False,True
386,0,20,1214,1506,13,194570,194.57,3310.7569721115538,0.0,16.165805527888445,11716.296882781373,True,False,True,True
387,21,20,1212,1507,5,195072,195.072,3308.5600530856004,16.962832303417386,16.155078384207034,11689.233135990378,True,False,True,False
388,64,17,1210,1507,7,195575,195.575,3308.5600530856004,51.69625082946251,13.731816626575979,11669.943972399635,True,True,True,False
389,45,20,1217,1507,11,196078,196.078,3308.5600530856004,36.348926364465825,16.155078384207034,11737.456044967235,True,True,False,True
390,11,20,1205,1505,11,196580,196.58,3312.956810631229,8.897100809800664,16.176546926910298,11637.165211015365,True,True,False,True
391,0,21,1205,1507,13,197083,197.083,3308.5600530856004,0.0,16.962832303417386,11621.721063422776,True,False,True,True
392,3,17,1207,1506,5,197586,197.586,3310.7569721115538,2.424870829183267,13.740934698705178,11648.739981480328,True,False,True,False
393,37,20,1217,1506,5,198088,198.088,3310.7569721115538,29.906740226593627,16.165805527888445,11745.249840481822,True,False,True,False
394,55,16,1226,1505,3,198591,198.591,3312.956810631229,44.48550404900332,12.941237541528238,11839.970579838038,True,True,False,False
395,49,25,1218,1505,11,199094,199.094,3312.956810631229,39.63253997093023,20.220683658637874,11762.711391715116,True,True,False,True
396,0,18,1213,1507,9,199596,199.596,3308.5600530856004,0.0,14.53957054578633,11698.877717785748,True,False,False,True
397,0,22,1214,1505,13,200099,200.099,3312.956810631229,0.0,17.794201619601328,11724.081797653653,True,False,True,True
398,0,18,1214,1506,5,200602,200.602,3310.7569721115538,0.0,14.549224975099602,11716.296882781373,True,False,True,False
399,43,21,1218,1507,7,201104,201.104,3308.5600530856004,34.73341852604512,16.962832303417386,11747.100626762607,True,True,True,False
400,52,13,1215,1507,3,201607,201.607,3308.5600530856004,42.00320379893829,10.500800949734572,11718.166881376492,True,True,False,False
401,37,23,1215,1507,11,202110,202.11,3308.5600530856004,29.88689501078301,18.578340141838087,11718.166881376492,True,True,False,True
402,0,16,1214,1507,9,202612,202.612,3308.5600530856004,0.0,12.924062707365627,11708.52229958112,True,False,False,True
403,0,19,1215,1506,13,203115,203.115,3310.7569721115538,0.0,15.357515251494023,11725.947868681524,True,False,True,True
404,4,15,1215,1506,5,203617,203.617,3310.7569721115538,3.233161105577689,12.124354145916335,11725.947868681524,True,False,True,False
405,47,14,1201,1507,7,204120,204.12,3308.5600530856004,37.96443420288653,11.308554868944924,11583.14273624129,True,True,True,False
406,44,15,1207,1505,3,204623,204.623,3312.956810631229,35.588403239202655,12.132410195182723,11656.480008046095,True,True,False,False
407,33,23,1215,1507,11,205125,205.125,3308.5600530856004,26.655879333941606,18.578340141838087,11718.166881376492,True,True,False,True
408,0,18,1219,1505,9,205628,205.628,3312.956810631229,0.0,14.558892234219268,11772.36879023048,True,False,False,True
409,0,17,1209,1507,13,206131,206.131,3308.5600530856004,0.0,13.731816626575979,11660.299390604263,True,False,True,True
410,8,12,1213,1506,5,206633,206.633,3310.7569721115538,6.466322211155378,9.699483316733067,11706.645896881226,True,False,True,False
411,44,14,1221,1507,7,207136,207.136,3308.5600530856004,35.54117244525548,11.308554868944924,11776.034372148722,True,True,True,False
412,46,15,1218,1507,3,207639,207.639,3308.5600530856004,37.156680283676174,12.116308788155274,11747.100626762607,True,True,False,False
413,32,19,1215,1505,11,208141,208.141,3312.956810631229,25.882475083056477,15.367719580564783,11733.73919616902,True,True,False,True
414,0,11,1219,1507,9,208644,208.644,3308.5600530856004,0.0,8.88529311131387,11756.745208557979,True,False,False,True
415,0,20,1220,1507,13,209147,209.147,3308.5600530856004,0.0,16.155078384207034,11766.389790353349,True,False,True,True
416,4,10,1221,1506,5,209649,209.649,3310.7569721115538,3.233161105577689,8.082902763944222,11783.85378408242,True,False,True,False
417,41,15,1215,1506,7,210152,210.152,3310.7569721115538,33.13990133217131,12.124354145916335,11725.947868681524,True,True,True,False
418,44,9,1212,1506,3,210655,210.655,3310.7569721115538,35.56477216135458,7.274612487549801,11696.994910981075,True,True,False,False
419,36,17,1223,1506,11,211157,211.157,3310.7569721115538,29.098449950199203,13.740934698705178,11803.155755882719,True,True,False,True
420,0,12,1211,1506,9,211660,211.66,3310.7569721115538,0.0,9.699483316733067,11687.343925080926,True,False,False,True
421,0,16,1222,1507,13,212163,212.163,3308.5600530856004,0.0,12.924062707365627,11785.678953944092,True,False,True,True
422,0,13,1212,1506,5,212665,212.665,3310.7569721115538,0.0,10.50777359312749,11696.994910981075,True,False,True,False
423,40,15,1211,1506,7,213168,213.168,3310.7569721115538,32.33161105577689,12.124354145916335,11687.343925080926,True,True,True,False
424,48,10,1204,1507,3,213671,213.671,3308.5600530856004,38.77218812209688,8.077539192103517,11612.076481627404,True,True,False,False
425,36,19,1216,1506,11,214173,214.173,3310.7569721115538,29.098449950199203,15.357515251494023,11735.598854581673,True,True,False,True
426,0,15,1216,1505,11,214676,214.676,3312.956810631229,0.0,12.132410195182723,11743.396594684384,True,True,False,True
427,0,16,1216,1507,13,215179,215.179,3308.5600530856004,0.0,12.924062707365627,11727.811463171864,True,False,True,True
428,0,15,1213,1506,5,215681,215.681,3310.7569721115538,0.0,12.124354145916335,11706.645896881226,True,False,True,False
429,30,15,1222,1506,5,216184,216.184,3310.7569721115538,24.24870829183267,12.124354145916335,11793.50476998257,True,False,True,False
430,48,11,1220,1506,7,216687,216.687,3310.7569721115538,38.79793326693227,8.891193040338646,11774.20279818227,True,True,True,False
431,36,14,1212,1506,11,217189,217.189,3310.7569721115538,29.098449950199203,11.316063869521912,11696.994910981075,True,True,False,True
432,9,14,1205,1505,11,217692,217.692,3312.956810631229,7.279446117109634,11.323582848837209,11637.165211015365,True,True,False,True
433,0,13,1217,1507,9,218195,218.195,3308.5600530856004,0.0,10.500800949734572,11737.456044967235,True,False,False,True
434,0,14,1225,1506,13,218697,218.697,3310.7569721115538,0.0,11.316063869521912,11822.457727683017,True,False,True,True
435,9,9,1221,1507,5,219200,219.2,3308.5600530856004,7.269785272893165,7.269785272893165,11776.034372148722,True,False,True,False
436,39,13,1209,1507,7,219702,219.702,3308.5600530856004,31.502402849203715,10.500800949734572,11660.299390604263,True,True,True,False
437,38,10,1212,1507,3,220205,220.205,3308.5600530856004,30.694648929993363,8.077539192103517,11689.233135990378,True,True,False,False
438,27,17,1216,1507,11,220708,220.708,3308.5600530856004,21.809355818679496,13.731816626575979,11727.811463171864,True,True,False,True
439,0,10,1211,1507,9,221210,221.21,3308.5600530856004,0.0,8.077539192103517,11679.588554195005,True,False,False,True
440,0,14,1217,1506,13,221713,221.713,3310.7569721115538,0.0,11.316063869521912,11745.249840481822,True,False,True,True
441,0,9,1223,1506,5,222216,222.216,3310.7569721115538,0.0,7.274612487549801,11803.155755882719,True,False,True,False
442,28,13,1244,1507,5,222718,222.718,3308.5600530856004,22.617109737889848,10.500800949734572,11997.85975344227,True,False,True,False
443,48,13,1209,1508,3,223221,223.221,3306.366047745358,38.74647712201592,10.493837553879311,11652.567096578665,True,True,False,False
444,36,17,1217,1506,11,223724,223.724,3310.7569721115538,29.098449950199203,13.740934698705178,11745.249840481822,True,True,False,True
445,11,19,1208,1507,11,224226,224.226,3308.5600530856004,8.88529311131387,15.347324464996682,11650.654808808891,True,True,False,True
446,0,15,1245,1506,9,224729,224.729,3310.7569721115538,0.0,12.124354145916335,12015.477445686005,True,False,False,True
447,0,14,1213,1507,13,225232,225.232,3308.5600530856004,0.0,11.308554868944924,11698.877717785748,True,False,True,True
448,9,11,1214,1506,5,225734,225.734,3310.7569721115538,7.274612487549801,8.891193040338646,11716.296882781373,True,False,True,False
449,42,17,1212,1507,7,226237,226.237,3308.5600530856004,33.92566460683477,13.731816626575979,11689.233135990378,True,True,True,False
450,51,11,1213,1505,3,226740,226.74,3312.956810631229,41.25019466362126,8.897100809800664,11714.424399138288,True,True,False,False
451,37,17,1188,1506,11,227242,227.242,3310.7569721115538,29.906740226593627,13.740934698705178,11465.37124937749,True,True,False,True
452,0,13,1219,1505,11,227745,227.745,3312.956810631229,0.0,10.514755502491694,11772.36879023048,True,True,False,True
453,0,11,1213,1505,9,228248,228.248,3312.956810631229,0.0,8.897100809800664,11714.424399138288,True,False,False,True
454,0,13,1213,1505,13,228750,228.75,3312.956810631229,0.0,10.514755502491694,11714.424399138288,True,False,True,True
455,16,11,1209,1507,5,229253,229.253,3308.5600530856004,12.924062707365627,8.88529311131387,11660.299390604263,True,False,True,False
456,39,15,1216,1507,7,229756,229.756,3308.5600530856004,31.502402849203715,12.116308788155274,11727.811463171864,True,True,True,False
457,41,9,1217,1507,3,230258,230.258,3308.5600530856004,33.117910687624416,7.269785272893165,11737.456044967235,True,True,False,False
458,32,16,1209,1505,11,230761,230.761,3312.956810631229,25.882475083056477,12.941237541528238,11675.794805076825,True,True,False,True
459,0,9,1220,1505,11,231264,231.264,3312.956810631229,0.0,7.279446117109634,11782.026188745846,True,True,False,True
460,0,8,1212,1505,13,231766,231.766,3312.956810631229,0.0,6.470618770764119,11704.767000622922,True,False,True,True
461,0,11,1210,1506,5,232269,232.269,3310.7569721115538,0.0,8.891193040338646,11677.692939180777,True,False,True,False
462,20,13,1209,1506,5,232772,232.772,3310.7569721115538,16.165805527888445,10.50777359312749,11668.041953280626,True,False,True,False
463,41,12,1216,1507,7,233274,233.274,3308.5600530856004,33.117910687624416,9.69304703052422,11727.811463171864,True,True,True,False
464,42,9,1220,1507,3,233777,233.777,3308.5600530856004,33.92566460683477,7.269785272893165,11766.389790353349,True,True,False,False
465,21,11,1215,1506,11,234280,234.28,3310.7569721115538,16.974095804282868,8.891193040338646,11725.947868681524,True,True,False,True
466,0,9,1232,1507,11,234782,234.782,3308.5600530856004,0.0,7.269785272893165,11882.124771897808,True,True,False,True
467,0,10,1213,1506,13,235285,235.285,3310.7569721115538,0.0,8.082902763944222,11706.645896881226,True,False,True,True
468,0,11,1216,1506,13,235787,235.787,3310.7569721115538,0.0,8.891193040338646,11735.598854581673,True,False,True,True
469,16,12,1220,1507,5,236290,236.29,3308.5600530856004,12.924062707365627,9.69304703052422,11766.389790353349,True,False,True,False
470,39,10,1222,1505,7,236793,236.793,3312.956810631229,31.54426650747508,8.088273463455149,11801.340985776576,True,True,True,False
471,42,9,1226,1505,3,237295,237.295,3312.956810631229,33.97074854651163,7.279446117109634,11839.970579838038,True,True,False,False
472,29,13,1206,1507,11,237798,237.798,3308.5600530856004,23.424863657100197,10.500800949734572,11631.365645218148,True,True,False,True
473,0,14,1215,1506,11,238301,238.301,3310.7569721115538,0.0,11.316063869521912,11725.947868681524,True,True,False,True
474,0,11,1222,1507,9,238803,238.803,3308.5600530856004,0.0,8.88529311131387,11785.678953944092,True,False,False,True
475,0,14,1221,1507,13,239306,239.306,3308.5600530856004,0.0,11.308554868944924,11776.034372148722,True,False,True,True
476,4,13,1216,1506,5,239809,239.809,3310.7569721115538,3.233161105577689,10.50777359312749,11735.598854581673,True,False,True,False
477,29,11,1223,1506,7,240311,240.311,3310.7569721115538,23.440418015438247,8.891193040338646,11803.155755882719,True,True,True,False
478,42,11,1213,1506,3,240814,240.814,3310.7569721115538,33.948191608565736,8.891193040338646,11706.645896881226,True,True,False,False
479,35,16,1212,1506,11,241317,241.317,3310.7569721115538,28.29015967380478,12.932644422310757,11696.994910981075,True,True,False,True
480,4,13,1210,1505,11,241819,241.819,3312.956810631229,3.2353093853820596,10.514755502491694,11685.452203592191,True,True,False,True
481,0,8,1225,1507,9,242322,242.322,3308.5600530856004,0.0,6.462031353682813,11814.612699330208,True,False,False,True
482,0,14,1224,1505,13,242825,242.825,3312.956810631229,0.0,11.323582848837209,11820.655782807307,True,False,True,True
483,0,6,1225,1506,5,243327,243.327,3310.7569721115538,0.0,4.849741658366534,11822.457727683017,True,False,True,False
484,29,13,1207,1506,5,243830,243.83,3310.7569721115538,23.440418015438247,10.50777359312749,11648.739981480328,True,False,True,False
485,37,9,1217,1507,7,244333,244.333,3308.5600530856004,29.88689501078301,7.269785272893165,11737.456044967235,True,True,True,False
486,35,10,1213,1506,3,244835,244.835,3310.7569721115538,28.29015967380478,8.082902763944222,11706.645896881226,True,True,False,False
487,12,11,1218,1507,11,245338,245.338,3308.5600530856004,9.69304703052422,8.88529311131387,11747.100626762607,True,True,False,True
488,0,10,1211,1507,9,245841,245.841,3308.5600530856004,0.0,8.077539192103517,11679.588554195005,True,False,False,True
489,0,14,1225,1507,13,246343,246.343,3308.5600530856004,0.0,11.308554868944924,11814.612699330208,True,False,True,True
490,0,12,1206,1507,5,246846,246.846,3308.5600530856004,0.0,9.69304703052422,11631.365645218148,True,False,True,False
491,16,11,1205,1506,5,247349,247.349,3310.7569721115538,12.932644422310757,8.891193040338646,11629.438009680029,True,False,True,False
492,39,12,1214,1505,7,247851,247.851,3312.956810631229,31.54426650747508,9.705928156146179,11724.081797653653,True,True,True,False
493,39,7,1217,1505,3,248354,248.354,3312.956810631229,31.54426650747508,5.661791424418604,11753.05399319975,True,True,False,False
494,28,13,1205,1506,11,248857,248.857,3310.7569721115538,22.632127739043824,10.50777359312749,11629.438009680029,True,True,False,True
495,5,10,1211,1506,11,249359,249.359,3310.7569721115538,4.041451381972111,8.082902763944222,11687.343925080926,True,True,False,True
496,0,10,1220,1506,9,249862,249.862,3310.7569721115538,0.0,8.082902763944222,11774.20279818227,True,False,False,True
497,0,11,1215,1508,13,250365,250.365,3306.366047745358,0.0,8.879401007128648,11710.396213683272,True,False,True,True
498,0,12,1207,1506,5,250867,250.867,3310.7569721115538,0.0,9.699483316733067,11648.739981480328,True,False,True,False
499,21,10,1211,1507,5,251370,251.37,3308.5600530856004,16.962832303417386,8.077539192103517,11679.588554195005,True,False,True,False
