tick,freq_chz,ia,ib,ic,vsenc,neutral,vbus,vref,theta,flags,on_a,on_b,on_c,stage,time_ms,frequency_hz,vdda_mv,ia_ma,ib_ma,ic_ma,vsenc_mv,neutral_mv,vbus_mv,no_fault,comp_a,comp_b,comp_c
19,0,2061,2067,2066,5,5,1216,1507,0,3,1,1,0,1,19.0,0.0,3308.5600530856004,150.01144213906628,219.24749235709638,207.70815065409028,4.0387695960517584,4.0387695960517584,11727.811463171864,True,True,False,False
38,5000,2013,2215,2063,1100,7,1210,1507,217,15,1,6,3,2,38.0,50.0,3308.5600530856004,-403.8769596051744,1927.0700644018395,173.0901255450752,888.5293111313869,5.654277434472462,11669.943972399635,True,True,True,True
57,5000,1963,2443,2115,0,2,1217,1507,206,13,0,5,4,2,57.0,50.0,3308.5600530856004,-980.8440447554273,4558.039972686983,773.135894101337,0.0,1.6155078384207033,11737.456044967235,True,False,True,True
76,5000,1932,2483,2329,0,5,1210,1507,193,13,0,5,5,2,76.0,50.0,3308.5600530856004,-1338.5636375485838,5019.613640807185,3242.5550185444113,0.0,4.0387695960517584,11669.943972399635,True,False,True,True
95,5000,1797,2082,2463,1,7,1213,1506,180,13,0,4,5,2,95.0,50.0,3310.7569721115538,-2898.2979910714284,392.59813424871805,4792.006638624073,0.8082902763944223,5.658031934760956,11706.645896881226,True,False,True,True
114,5000,1957,2029,2255,1089,5,1220,1505,167,13,1,3,6,2,114.0,50.0,3312.956810631229,-1051.4755502491687,-219.53885115092686,2391.81800990745,880.8129801702657,4.0441367317275745,11782.026188745846,True,False,True,True
133,5000,1983,1977,2169,0,5,1209,1507,156,7,1,2,6,2,133.0,50.0,3308.5600530856004,-750.0572106953281,-819.2932609133583,1396.260346063608,0.0,4.0387695960517584,11660.299390604263,True,True,True,False
152,5000,1957,1980,2663,0,2,1210,1507,143,15,2,1,6,2,152.0,50.0,3308.5600530856004,-1050.0800949734573,-784.6752358043432,7096.69514734809,0.0,1.6155078384207033,11669.943972399635,True,True,True,True
171,5000,2066,1801,2068,0,6,1213,1506,130,13,3,0,6,2,171.0,50.0,3310.7569721115538,207.84607107285152,-2852.109975277462,230.94007896983643,0.0,4.849741658366534,11706.645896881226,True,False,True,True
190,5000,2133,1967,2423,1,0,1194,1507,119,11,4,0,5,2,190.0,50.0,3308.5600530856004,980.8440447554273,-934.6866779434063,4327.253138626884,0.8077539192103517,0.0,11515.63066367369,True,True,False,True
209,5000,2219,1534,2169,3,9,1206,1506,106,11,5,0,5,2,209.0,50.0,3310.7569721115538,1974.5376751920894,-5935.160029524757,1397.1874777675014,2.424870829183267,7.274612487549801,11639.08899558018,True,True,False,True
228,5000,2719,1714,2009,5,2,1205,1506,94,11,5,0,4,2,228.0,50.0,3310.7569721115538,7748.039649437965,-3856.6993187962426,-450.3331539911772,4.041451381972111,1.6165805527888446,11629.438009680029,True,True,False,True
247,5000,2235,1995,1999,6,5,1216,1505,83,13,6,1,3,2,247.0,50.0,3312.956810631229,2160.7244823801625,-612.397847947318,-566.1791424418619,4.852964078073089,4.0441367317275745,11743.396594684384,True,False,True,True
266,5000,2054,1843,1889,5,4,1217,1507,70,15,6,1,2,2,266.0,50.0,3308.5600530856004,69.23605021803009,-2365.565049116029,-1834.7553307777973,4.0387695960517584,3.2310156768414067,11737.456044967235,True,True,True,True
285,5000,2519,2059,1981,4,6,1205,1506,58,7,6,2,1,2,285.0,50.0,3310.7569721115538,5438.6388597396135,127.01704343341069,-773.6492645489469,3.233161105577689,4.849741658366534,11629.438009680029,True,True,True,False
304,5000,2309,2067,1661,3,6,1201,1506,46,15,6,3,1,2,304.0,50.0,3310.7569721115538,3013.7680305563467,219.39307502134398,-4468.690528066308,2.424870829183267,4.849741658366534,11590.834066079431,True,True,True,True
323,5000,2155,2128,1961,13,3,1211,1506,34,13,5,4,0,2,323.0,50.0,3310.7569721115538,1235.5294224886165,923.7603158793394,-1004.5893435187833,10.50777359312749,2.424870829183267,11687.343925080926,True,False,True,True
342,5000,2107,2351,1776,6,6,1205,1506,21,7,5,5,0,2,342.0,50.0,3310.7569721115538,681.2732329610136,3498.742196392998,-3140.785073989754,4.849741658366534,4.849741658366534,11629.438009680029,True,True,True,False
361,5000,2047,2432,1997,5,2,1199,1506,10,7,4,5,0,2,361.0,50.0,3310.7569721115538,-11.547003948492472,4434.04951622083,-588.8972013730803,4.041451381972111,1.6165805527888446,11571.532094279133,True,True,True,False
380,5000,1975,2273,1951,1,1,1226,1505,253,5,3,6,1,2,380.0,50.0,3312.956810631229,-843.491375474608,2599.8021846820134,-1120.8036085073575,0.8088273463455149,0.8088273463455149,11839.970579838038,True,False,True,False
399,5000,1745,2191,2053,5,1,1206,1507,241,5,2,6,1,2,399.0,50.0,3308.5600530856004,-3496.420536010523,1650.1258635297193,57.69670851502399,4.0387695960517584,0.8077539192103517,11631.365645218148,True,False,True,False
418,5000,1919,2181,1947,6,3,1209,1506,229,13,1,6,2,2,418.0,50.0,3310.7569721115538,-1489.5635093554347,1535.7515251494012,-1166.247398797665,4.849741658366534,2.424870829183267,11668.041953280626,True,False,True,True
437,5000,1917,2139,2098,0,0,1205,1507,217,15,1,6,3,2,437.0,50.0,3308.5600530856004,-1511.653763093659,1050.0800949734573,576.9670851502497,0.0,0.0,11621.721063422776,True,True,True,True
456,5000,1836,2429,2189,3,7,1209,1507,204,13,0,5,4,2,456.0,50.0,3308.5600530856004,-2446.3404410370654,4396.489188844914,1627.047180123707,2.423261757631055,5.654277434472462,11660.299390604263,True,False,True,True
475,5000,1965,2063,2175,0,5,1205,1508,193,15,0,5,5,2,475.0,50.0,3306.366047745358,-957.13023843075,172.97534429471528,1464.5245816952443,0.0,4.036091366876658,11614.014351842257,True,True,True,True
494,5000,1684,2072,2236,5,9,1216,1505,180,15,0,4,5,2,494.0,50.0,3312.956810631229,-4205.902200996677,277.31223303274936,2172.279158756526,4.0441367317275745,7.279446117109634,11743.396594684384,True,True,True,True
513,5000,1921,1999,2179,1103,5,1206,1508,168,13,1,3,6,2,513.0,50.0,3306.366047745358,-1464.5245816952443,-565.0527913627327,1510.6513401738343,890.3617555329907,4.036091366876658,11623.65253802636,True,False,True,True
532,5000,1911,1879,2521,0,6,1205,1506,156,13,1,2,6,2,532.0,50.0,3310.7569721115538,-1581.939540943368,-1951.4436672951044,5461.732867636595,0.0,4.849741658366534,11629.438009680029,True,False,True,True
551,5000,2029,1995,2253,1057,3,1211,1508,144,15,2,1,6,2,551.0,50.0,3306.366047745358,-219.10210277330538,-611.1795498413227,2363.996372027756,853.2297149577255,2.421654820125995,11671.843468946867,True,True,True,True
570,5000,2087,1966,2119,0,0,1207,1505,131,5,3,1,6,2,570.0,50.0,3312.956810631229,450.6323786782169,-947.4834628618901,820.3820227218785,0.0,0.0,11656.480008046095,True,False,True,False
589,5000,2147,1534,2294,0,7,1209,1507,119,3,4,0,5,2,589.0,50.0,3308.5600530856004,1142.3948285974966,-5931.221635344582,2838.6780589392365,0.0,5.654277434472462,11660.299390604263,True,True,False,False
608,5000,2161,1995,2101,1129,3,1212,1506,107,11,5,0,5,2,608.0,50.0,3310.7569721115538,1304.811446179568,-611.9912092700621,611.9912092700621,912.5597220493028,2.424870829183267,11696.994910981075,True,True,False,True
627,5000,2213,1983,2033,0,0,1203,1507,94,13,5,0,4,2,627.0,50.0,3308.5600530856004,1903.9913809958275,-750.0572106953281,-173.0901255450752,0.0,0.0,11602.431899832034,True,False,True,True
646,5000,2260,1685,1981,4,5,1218,1505,81,11,6,1,3,2,646.0,50.0,3312.956810631229,2449.591391789272,-4194.347524620314,-774.1633172164225,3.2353093853820596,4.0441367317275745,11762.711391715116,True,True,False,True
665,5000,2215,2039,1921,54,4,1205,1505,70,11,6,1,2,2,665.0,50.0,3312.956810631229,1929.6309548528727,-103.99208738728183,-1467.4438997982927,43.6766767026578,3.2353093853820596,11637.165211015365,True,True,False,True
684,5000,2149,2078,1599,4,0,1221,1507,57,3,6,2,1,2,684.0,50.0,3308.5600530856004,1165.4735120035086,346.1802510901504,-5181.164424649257,3.2310156768414067,0.0,11776.034372148722,True,True,False,False
703,5000,2159,2069,1863,8,2,1207,1506,44,7,6,3,0,2,703.0,50.0,3310.7569721115538,1281.717438282583,242.48708291832568,-2136.195730470974,6.466322211155378,1.6165805527888446,11648.739981480328,True,True,True,False
722,5000,2493,2193,1945,5,4,1213,1505,33,7,5,4,0,2,722.0,50.0,3312.956810631229,5141.830987482201,1675.428074572853,-1190.1316667655433,4.0441367317275745,3.2353093853820596,11714.424399138288,True,True,True,False
741,5000,2093,2135,1986,109,3,1210,1509,21,15,5,5,0,2,741.0,50.0,3304.1749502982107,518.5821455197388,1002.5921480048281,-714.490956049417,87.92848378479125,2.420050012425447,11654.476849838467,True,True,True,True
760,5000,2049,2591,1735,3,7,1207,1505,8,15,4,5,0,2,760.0,50.0,3312.956810631229,11.554676376363204,6274.189272365922,-3616.613705802089,2.4264820390365447,5.661791424418604,11656.480008046095,True,True,True,True
779,5000,2005,2265,1974,62,3,1199,1507,253,15,3,6,1,2,779.0,50.0,3308.5600530856004,-496.1916932292167,2504.037149552089,-853.9112860223732,50.0807429910418,2.423261757631055,11563.853572650547,True,True,True,True
798,5000,1755,2454,2063,7,5,1214,1506,240,5,2,6,1,2,798.0,50.0,3310.7569721115538,-3383.272156908083,4688.083603087648,173.20505922737735,5.658031934760956,4.041451381972111,11716.296882781373,True,False,True,False
817,5000,1917,2181,2051,279,2,1207,1507,229,13,1,6,2,2,817.0,50.0,3308.5600530856004,-1511.653763093659,1534.732446499668,34.61802510901504,225.3633434596881,1.6155078384207033,11641.01022701352,True,False,True,True
836,5000,1790,2079,2047,1,3,1217,1505,216,13,1,6,3,2,836.0,50.0,3312.956810631229,-2981.1065051020414,358.19496766729833,-11.554676376363204,0.8088273463455149,2.4264820390365447,11753.05399319975,True,False,True,True
855,5000,1951,2545,2147,4,8,1207,1507,204,13,0,5,4,2,855.0,50.0,3308.5600530856004,-1119.3161451914875,5735.052826393495,1142.3948285974966,3.2310156768414067,6.462031353682813,11641.01022701352,True,False,True,True
874,5000,1399,2183,2243,0,5,1213,1506,191,13,0,5,5,2,874.0,50.0,3310.7569721115538,-7494.005562571144,1558.8455330463862,2251.665769955889,0.0,4.041451381972111,11706.645896881226,True,False,True,True
893,5000,1979,2065,2162,3,7,1205,1506,180,15,0,4,5,2,893.0,50.0,3310.7569721115538,-796.7432724459318,196.29906712435903,1316.3584501280604,2.424870829183267,5.658031934760956,11629.438009680029,True,True,True,True
912,5000,1846,2006,2502,0,10,1211,1506,167,13,1,3,6,2,912.0,50.0,3310.7569721115538,-2332.494797595333,-484.9741658366546,5242.339792615254,0.0,8.082902763944222,11687.343925080926,True,False,True,True
931,5000,2031,1977,2704,1,3,1205,1507,156,9,1,2,6,2,931.0,50.0,3308.5600530856004,-196.16880895108417,-819.2932609133583,7569.8081571712955,0.8077539192103517,2.423261757631055,11621.721063422776,True,False,False,True
950,5000,1997,1695,2383,5,6,1218,1505,143,3,2,1,6,2,950.0,50.0,3312.956810631229,-589.2884951945883,-4078.800760856669,3870.816586082105,4.0441367317275745,4.852964078073089,11762.711391715116,True,True,False,False
969,5000,2109,1976,2222,1071,6,1195,1508,131,15,3,1,6,2,969.0,50.0,3306.366047745358,703.433066798503,-830.2816526146281,2006.5139938186803,864.5307707849802,4.84330964025199,11517.632490001242,True,True,True,True
988,5000,2133,1577,2290,4,6,1211,1508,119,11,4,0,5,2,988.0,50.0,3306.366047745358,980.1936176700468,-5431.425810854018,2790.6688879547182,3.2288730935013263,4.84330964025199,11671.843468946867,True,True,False,True
1007,5000,2138,1910,2083,25,5,1199,1507,107,11,5,0,5,3,1007.0,50.0,3308.5600530856004,1038.5407532704514,-1592.429155014692,403.8769596051744,20.19384798025879,4.0387695960517584,11563.853572650547,True,True,False,True
1026,5000,2153,1939,2037,6,0,1239,1507,94,13,5,0,4,3,1026.0,50.0,3308.5600530856004,1211.6308788155266,-1257.7882456275477,-126.93275873305409,4.84652351526211,0.0,11949.63684446541,True,False,True,True
1045,5000,2051,1739,1996,0,2,1205,1506,81,15,6,1,3,3,1045.0,50.0,3310.7569721115538,34.64101184547417,-3568.0242200839493,-600.4442053215696,0.0,1.6165805527888446,11629.438009680029,True,True,True,True
1064,5000,2375,1972,1950,7,3,1214,1507,69,3,6,1,2,3,1064.0,50.0,3308.5600530856004,3773.364736882643,-876.9899694283822,-1130.8554868944937,5.654277434472462,2.423261757631055,11708.52229958112,True,True,False,False
1083,5000,2153,2013,1944,0,2,1207,1507,56,15,6,2,1,3,1083.0,50.0,3308.5600530856004,1211.6308788155266,-403.8769596051744,-1200.0915371125238,0.0,1.6155078384207033,11641.01022701352,True,True,True,True
1102,5000,2129,2057,1924,7,0,1207,1505,44,5,6,3,0,3,1102.0,50.0,3312.956810631229,935.9287864855235,103.99208738728183,-1432.7798706691965,5.661791424418604,0.0,11656.480008046095,True,False,True,False
1121,5000,2116,2140,1451,6,5,1221,1506,31,7,5,4,0,3,1121.0,50.0,3310.7569721115538,785.1962684974393,1062.3243632612393,-6893.561357249574,4.849741658366534,4.041451381972111,11783.85378408242,True,True,True,False
1140,5000,2181,2130,1542,6,1,1211,1506,19,7,4,5,0,3,1140.0,50.0,3310.7569721115538,1535.7515251494012,946.8543237763242,-5842.783997936824,4.849741658366534,0.8082902763944223,11687.343925080926,True,True,True,False
1159,5000,2038,2182,1834,7,767,1210,1508,6,15,4,6,0,3,1159.0,50.0,3306.366047745358,-115.31689619647685,1545.2464090327762,-2467.7815786045844,5.650527913627321,619.1364156788793,11662.205282762765,True,True,True,True
1178,5000,1971,2201,2021,6,7,1211,1507,250,13,3,6,1,3,1178.0,50.0,3308.5600530856004,-888.5293111313882,1765.5192805597674,-311.5622259811354,4.84652351526211,5.654277434472462,11679.588554195005,True,False,True,True
1197,5000,1711,2191,2053,7,3,1193,1508,238,5,2,6,1,3,1197.0,50.0,3306.366047745358,-3886.179401821239,1649.0316156096048,57.65844809823842,5.650527913627321,2.421654820125995,11498.35611763304,True,False,True,False
1216,5000,1635,2483,2085,5,6,1211,1507,225,5,1,6,2,3,1216.0,50.0,3308.5600530856004,-4765.748123341074,5019.613640807185,426.9556430111866,4.0387695960517584,4.84652351526211,11679.588554195005,True,False,True,False
1235,5000,1603,2281,2108,5,2,1205,1505,212,5,0,6,3,3,1235.0,50.0,3312.956810631229,-5141.830987482201,2692.2395956929286,693.2805825818702,4.0441367317275745,1.6176546926910298,11637.165211015365,True,False,True,False
1254,5000,1471,2101,2143,5,4,1207,1506,200,13,0,5,4,3,1254.0,50.0,3310.7569721115538,-6662.621278279737,611.9912092700621,1096.9653751067167,4.041451381972111,3.233161105577689,11648.739981480328,True,False,True,True
1273,5000,1224,2149,2143,3,5,1213,1507,188,13,0,4,5,3,1273.0,50.0,3308.5600530856004,-9508.41756327614,1165.4735120035086,1096.2374617854787,2.423261757631055,4.0387695960517584,11698.877717785748,True,False,True,True
1292,5000,1624,2048,2031,0,4,1206,1506,175,13,0,3,6,3,1292.0,50.0,3310.7569721115538,-4895.929674160499,0.0,-196.29906712435903,0.0,3.233161105577689,11639.08899558018,True,False,True,True
1311,5000,1975,1982,2179,0,7,1216,1507,163,7,1,2,6,3,1311.0,50.0,3308.5600530856004,-842.3719443193672,-761.596552398331,1511.653763093659,0.0,5.654277434472462,11727.811463171864,True,True,True,False
1330,5000,1829,1979,2149,0,4,1199,1505,151,9,1,2,6,3,1330.0,50.0,3312.956810631229,-2530.474126423824,-797.2726699691489,1167.0223140128135,0.0,3.2353093853820596,11579.220819923172,True,False,False,True
1349,5000,1957,1797,2118,0,2,1211,1507,138,9,2,1,6,3,1349.0,50.0,3308.5600530856004,-1050.0800949734573,-2896.374767454261,807.7539192103521,0.0,1.6155078384207033,11679.588554195005,True,False,False,True
1368,5000,2031,1573,2323,0,5,1207,1505,125,11,3,0,6,3,1368.0,50.0,3312.956810631229,-196.4294983981972,-5488.471278773136,3177.5360035002386,0.0,4.0441367317275745,11656.480008046095,True,True,False,True
1387,5000,2150,1903,2076,0,0,1207,1507,113,9,4,0,5,3,1387.0,50.0,3308.5600530856004,1177.0128537065114,-1673.2045469357283,323.1015676841415,0.0,0.0,11641.01022701352,True,False,False,True
1406,5000,2273,1665,2044,6,1,1206,1505,101,7,5,0,4,3,1406.0,50.0,3312.956810631229,2599.8021846820134,-4425.441052147604,-46.21870550545931,4.852964078073089,0.8088273463455149,11646.82260953073,True,True,True,False
1425,5000,2026,1597,2036,0,8,1207,1508,88,15,6,0,3,3,1425.0,50.0,3306.366047745358,-253.69717163224715,-5200.792018461065,-138.38027543577027,0.0,6.457746187002653,11633.290724210461,True,True,True,True
1444,5000,2167,1981,1963,0,1,1215,1506,76,13,6,1,2,3,1444.0,50.0,3310.7569721115538,1374.0934698705164,-773.6492645489469,-981.4953356217984,0.0,0.8082902763944223,11725.947868681524,True,False,True,True
1463,5000,2057,1922,1969,1,0,1211,1507,63,3,6,2,1,3,1463.0,50.0,3308.5600530856004,103.85407532704514,-1453.9570545786319,-911.6079945373973,0.8077539192103517,0.0,11679.588554195005,True,True,False,False
1482,5000,2023,1987,1800,0,1,1210,1506,51,7,6,2,1,3,1482.0,50.0,3310.7569721115538,-288.6750987122923,-704.3672408579953,-2863.6569792259543,0.0,0.8082902763944223,11677.692939180777,True,True,True,False
1501,5000,2085,2109,1927,7,6,1217,1506,39,13,6,3,0,3,1501.0,50.0,3310.7569721115538,427.23914609419546,704.3672408579953,-1397.1874777675014,5.658031934760956,4.849741658366534,11745.249840481822,True,False,True,True
1520,5000,2067,2356,1935,11,3,1209,1505,26,7,5,4,0,3,1520.0,50.0,3312.956810631229,219.53885115092686,3558.8403239202667,-1305.6784305291883,8.897100809800664,2.4264820390365447,11675.794805076825,True,True,True,False
1539,5000,2220,2385,1991,2,2,1207,1506,14,7,4,5,0,3,1539.0,50.0,3310.7569721115538,1986.0846791405818,3891.340330641719,-658.1792250640287,1.6165805527888446,1.6165805527888446,11648.739981480328,True,True,True,False
1558,5000,2052,2351,1905,2,6,1213,1506,1,15,3,6,0,3,1558.0,50.0,3310.7569721115538,46.18801579396664,3498.742196392998,-1651.2215646343195,1.6165805527888446,4.849741658366534,11706.645896881226,True,True,True,True
1577,5000,1983,2234,2007,6,2,1219,1507,245,13,2,6,1,3,1577.0,50.0,3308.5600530856004,-750.0572106953281,2146.317556758936,-473.11300982320455,4.84652351526211,1.6155078384207033,11756.745208557979,True,False,True,True
1596,5000,1993,2721,2038,0,3,1210,1505,232,5,1,6,2,3,1596.0,50.0,3312.956810631229,-635.5072007000477,7776.297201293308,-115.54676376364503,0.0,2.4264820390365447,11685.452203592191,True,False,True,False
1615,5000,1994,2527,2040,0,5,1217,1507,220,13,1,6,3,3,1615.0,50.0,3308.5600530856004,-623.1244519622708,5527.344675739408,-92.31473362403904,0.0,4.0387695960517584,11737.456044967235,True,False,True,True
1634,5000,1959,2157,2124,0,0,1209,1506,208,15,0,6,4,3,1634.0,50.0,3310.7569721115538,-1027.683351415765,1258.6234303856015,877.5723000853727,0.0,0.0,11668.041953280626,True,True,True,True
1653,5000,1705,2223,2143,0,0,1207,1505,195,13,0,5,4,3,1653.0,50.0,3312.956810631229,-3963.2539970930243,2022.068365863788,1097.6942557546279,0.0,0.0,11656.480008046095,True,False,True,True
1672,5000,1895,2107,2320,0,4,1205,1508,183,13,0,4,5,3,1672.0,50.0,3306.366047745358,-1764.3485118060817,680.3696875592095,3136.6195765441457,0.0,3.2288730935013263,11614.014351842257,True,False,True,True
1691,5000,2004,2010,2203,0,3,1203,1505,171,15,0,3,6,3,1691.0,50.0,3312.956810631229,-508.4057605600394,-439.07770230185054,1790.9748383364981,0.0,2.4264820390365447,11617.850413984634,True,True,True,True
1710,5000,1763,1885,2177,0,1,1206,1505,158,13,1,2,6,3,1710.0,50.0,3312.956810631229,-3293.0827672638834,-1883.4122493474133,1490.553252551019,0.0,0.8088273463455149,11646.82260953073,True,False,True,True
1729,5000,2053,1701,2377,6,8,1209,1507,145,11,2,1,6,3,1729.0,50.0,3308.5600530856004,57.69670851502399,-4004.1515709427426,3796.443420288652,4.84652351526211,6.462031353682813,11660.299390604263,True,True,False,True
1748,5000,2079,1925,2171,0,5,1208,1506,134,5,3,1,6,3,1748.0,50.0,3310.7569721115538,357.9571224032439,-1420.2814856644864,1420.2814856644864,0.0,4.041451381972111,11658.390967380477,True,False,True,False
1767,5000,2120,1484,2137,2,1,1203,1507,121,11,4,0,5,3,1767.0,50.0,3308.5600530856004,830.8326026163611,-6508.188720494834,1027.0014115674485,1.6155078384207033,0.8077539192103517,11602.431899832034,True,True,False,True
1786,5000,2133,1525,2219,6,0,1205,1505,108,11,5,0,5,3,1786.0,50.0,3312.956810631229,982.1474919909828,-6043.095744838632,1975.849660358329,4.852964078073089,0.0,11637.165211015365,True,True,False,True
1805,5000,2521,1769,2057,5,5,1214,1505,95,11,5,0,4,3,1805.0,50.0,3312.956810631229,5465.361926020407,-3223.7547090056946,103.99208738728183,4.0441367317275745,4.0441367317275745,11724.081797653653,True,True,False,True
1824,5000,2167,1947,2005,1,2,1199,1505,84,13,6,0,3,3,1824.0,50.0,3312.956810631229,1375.0064887873739,-1167.0223140128135,-496.851084183673,0.8088273463455149,1.6176546926910298,11579.220819923172,True,False,True,True
1843,5000,2146,1768,1977,5,0,1196,1506,71,7,6,1,2,3,1843.0,50.0,3310.7569721115538,1131.6063869521906,-3233.1611055776907,-819.8372803429136,4.041451381972111,0.0,11542.579136578684,True,True,True,False
1862,5000,2349,2009,1966,2,3,1206,1505,58,3,6,2,1,3,1862.0,50.0,3312.956810631229,3477.957589285714,-450.6323786782169,-947.4834628618901,1.6176546926910298,2.4264820390365447,11646.82260953073,True,True,False,False
1881,5000,2121,2074,1949,5,3,1209,1505,47,13,6,3,1,3,1881.0,50.0,3312.956810631229,843.491375474608,300.42158578547577,-1143.9129612600839,4.0441367317275745,2.4264820390365447,11675.794805076825,True,False,True,True
1900,5000,2115,2207,1929,7,2,1207,1506,34,7,5,4,0,3,1900.0,50.0,3310.7569721115538,773.6492645489469,1835.9736278101893,-1374.0934698705164,5.658031934760956,1.6165805527888446,11648.739981480328,True,True,True,False
1919,5000,2076,2073,1645,6,3,1204,1507,21,7,5,5,0,3,1919.0,50.0,3308.5600530856004,323.1015676841415,288.4835425751265,-4650.354706311025,4.84652351526211,2.423261757631055,11612.076481627404,True,True,True,False
1938,5000,2080,2025,1590,0,4,1214,1505,8,15,4,5,0,3,1938.0,50.0,3312.956810631229,369.7496440436647,-265.7575566563829,-5292.041780374939,0.0,3.2353093853820596,11724.081797653653,True,True,True,True
1957,5000,2019,2159,1943,14,6,1211,1507,253,13,3,6,1,3,1957.0,50.0,3308.5600530856004,-334.64090938714435,1280.8669290335565,-1211.6308788155266,11.308554868944924,4.84652351526211,11679.588554195005,True,False,True,True
1976,5000,1969,2143,1786,7,0,1205,1507,240,5,2,6,1,3,1976.0,50.0,3308.5600530856004,-911.6079945373973,1096.2374617854787,-3023.307526187315,5.654277434472462,0.0,11621.721063422776,True,False,True,False
1995,5000,1716,2139,2009,1,4,1210,1507,227,5,1,6,2,3,1995.0,50.0,3308.5600530856004,-3831.0614453976673,1050.0800949734573,-450.03432641719553,0.8077539192103517,3.2310156768414067,11669.943972399635,True,False,True,False
2014,5000,1897,2160,2085,4,523,1211,1505,214,15,0,6,3,3,2014.0,50.0,3312.956810631229,-1744.7561328310387,1294.123754152825,427.52302592548733,3.2353093853820596,423.0167021387043,11695.109602107557,True,True,True,True
2033,5000,1891,2105,2126,2,2,1209,1506,203,15,0,5,4,3,2033.0,50.0,3310.7569721115538,-1812.8796199132044,658.1792250640287,900.6663079823576,1.6165805527888446,1.6165805527888446,11668.041953280626,True,True,True,True
2052,5000,1973,2039,2433,0,6,1206,1507,190,13,0,4,5,3,2052.0,50.0,3308.5600530856004,-865.4506277253761,-103.85407532704514,4442.646555656935,0.0,4.84652351526211,11631.365645218148,True,False,True,True
2071,5000,1649,2015,2085,7,6,1205,1505,177,13,0,4,6,3,2071.0,50.0,3312.956810631229,-4610.315874169435,-381.3043204200279,427.52302592548733,5.661791424418604,4.852964078073089,11637.165211015365,True,False,True,True
2090,5000,1709,1969,2012,0,5,1215,1507,165,11,1,3,6,3,2090.0,50.0,3308.5600530856004,-3911.8368373187036,-911.6079945373973,-415.41630130818055,0.0,4.0387695960517584,11718.166881376492,True,True,False,True
2109,5000,2021,1973,2135,0,7,1218,1507,153,5,1,2,6,3,2109.0,50.0,3308.5600530856004,-311.5622259811354,-865.4506277253761,1003.9227281614362,0.0,5.654277434472462,11747.100626762607,True,False,True,False
2128,5000,1911,1967,2135,0,6,1206,1506,140,15,2,1,6,3,2128.0,50.0,3310.7569721115538,-1581.939540943368,-935.3073198278319,1004.5893435187833,0.0,4.849741658366534,11639.08899558018,True,True,True,True
2147,5000,2160,1647,2135,2,3,1203,1507,127,11,3,0,6,3,2147.0,50.0,3308.5600530856004,1292.4062707365629,-4627.276022905014,1003.9227281614362,1.6155078384207033,2.423261757631055,11602.431899832034,True,True,False,True
2166,5000,2023,1617,2215,0,5,1223,1507,115,11,4,0,5,3,2166.0,50.0,3308.5600530856004,-288.4835425751265,-4973.456273995167,1927.0700644018395,0.0,4.0387695960517584,11795.323535739464,True,True,False,True
2185,5000,2153,1934,2055,7,4,1223,1506,103,9,5,0,4,3,2185.0,50.0,3310.7569721115538,1212.435414591635,-1316.3584501280604,80.82902763944081,5.658031934760956,3.233161105577689,11803.155755882719,True,False,False,True
2204,5000,2085,1654,2038,0,7,1207,1506,90,15,6,0,3,3,2204.0,50.0,3310.7569721115538,427.23914609419546,-4549.519555705749,-115.47003948491822,0.0,5.658031934760956,11648.739981480328,True,True,True,True
2223,5000,2005,1733,1927,2,5,1211,1506,78,15,6,1,2,3,2223.0,50.0,3310.7569721115538,-496.52116978514385,-3637.3062437749013,-1397.1874777675014,1.6165805527888446,4.041451381972111,11687.343925080926,True,True,True,True
2242,5000,2141,2027,1967,13,6,1210,1507,66,13,6,1,2,3,2242.0,50.0,3308.5600530856004,1073.1587783794664,-242.32617576310534,-934.6866779434063,10.500800949734572,4.84652351526211,11669.943972399635,True,False,True,True
2261,5000,2055,1995,1971,7,4,1204,1506,53,7,6,2,1,3,2261.0,50.0,3310.7569721115538,80.82902763944081,-611.9912092700621,-889.1193040338652,5.658031934760956,3.233161105577689,11619.78702377988,True,True,True,False
2280,5000,2027,2109,1744,8,6,1215,1505,40,7,6,3,0,3,2280.0,50.0,3312.956810631229,-242.64820390365327,704.8352589582335,-3512.621618414807,6.470618770764119,4.852964078073089,11733.73919616902,True,True,True,False
2299,5000,2071,2159,1941,8,0,1206,1506,29,13,5,4,0,3,2299.0,50.0,3310.7569721115538,265.58109081531063,1281.717438282583,-1235.5294224886165,6.466322211155378,0.0,11639.08899558018,True,False,True,True
2318,5000,2199,2157,1997,6,0,1213,1507,16,7,4,5,0,3,2318.0,50.0,3308.5600530856004,1742.4405971537583,1257.7882456275477,-588.5064268532557,4.84652351526211,0.0,11698.877717785748,True,True,True,False
2337,5000,2115,2448,1989,0,3,1209,1505,3,7,3,6,0,3,2337.0,50.0,3312.956810631229,774.1633172164225,4621.870550545798,-681.725906205507,0.0,2.4264820390365447,11675.794805076825,True,True,True,False
2356,5000,1930,2280,1965,4,6,1209,1508,246,7,2,6,1,3,2356.0,50.0,3306.366047745358,-1360.7393751184159,2675.3519917582416,-957.13023843075,3.2288730935013263,4.84330964025199,11652.567096578665,True,True,True,False
2375,5000,1999,2215,2039,1,0,1203,1508,235,13,2,6,2,3,2375.0,50.0,3306.366047745358,-565.0527913627327,1925.7921664811483,-103.78520657682851,0.8072182733753316,0.0,11594.737979474054,True,False,True,True
2394,5000,1977,2751,2074,0,2,1216,1506,222,5,1,6,2,3,2394.0,50.0,3310.7569721115538,-819.8372803429136,8117.543775789697,300.2221026607848,0.0,1.6165805527888446,11735.598854581673,True,False,True,False
2413,5000,1844,2457,2131,0,4,1207,1505,209,13,0,6,3,3,2413.0,50.0,3312.956810631229,-2357.153980778357,4725.86263793308,959.0381392382533,0.0,3.2353093853820596,11656.480008046095,True,False,True,True
2432,5000,1994,2103,2157,0,5,1211,1506,198,15,0,5,4,3,2432.0,50.0,3310.7569721115538,-623.5382132185545,635.085217167047,1258.6234303856015,0.0,4.041451381972111,11687.343925080926,True,True,True,True
2451,5000,1991,2153,2169,0,3,1211,1505,185,13,0,4,5,3,2451.0,50.0,3312.956810631229,-658.6165534527773,1213.2410195182729,1398.1158415401037,0.0,2.4264820390365447,11695.109602107557,True,False,True,True
2470,5000,2005,2094,2533,0,1,1207,1506,172,13,0,3,6,3,2470.0,50.0,3310.7569721115538,-496.52116978514385,531.1621816306213,5600.296915018498,0.0,0.8082902763944223,11648.739981480328,True,False,True,True
2489,5000,1869,2079,2554,0,3,1203,1507,159,15,1,2,6,3,2489.0,50.0,3308.5600530856004,-2065.5421648379,357.71959279315655,5838.906901720543,0.0,2.423261757631055,11602.431899832034,True,True,True,True
2508,5000,2030,2007,2229,0,2,1211,1505,148,1,2,1,6,3,2508.0,50.0,3312.956810631229,-207.98417477456042,-473.74173143094333,2091.3964241219737,0.0,1.6176546926910298,11695.109602107557,True,False,False,False
2527,5000,2077,1980,2861,0,0,1207,1506,135,15,3,1,6,3,2527.0,50.0,3310.7569721115538,334.8631145062622,-785.1962684974393,9387.714210123791,0.0,0.0,11648.739981480328,True,True,True,True
2546,5000,2140,1942,2071,1,1,1217,1505,122,11,4,0,5,3,2546.0,50.0,3312.956810631229,1063.0302266255349,-1224.795695894636,265.7575566563829,0.8088273463455149,0.8088273463455149,11753.05399319975,True,True,False,True
2565,5000,2153,1818,2117,0,0,1202,1506,110,3,4,0,5,3,2565.0,50.0,3310.7569721115538,1212.435414591635,-2655.810908153103,796.7432724459318,0.0,0.0,11600.485051979582,True,True,False,False
2584,5000,2175,1983,2066,669,7,1210,1508,97,15,5,0,4,3,2584.0,50.0,3306.366047745358,1464.5245816952443,-749.5598252770931,207.57041315365703,540.0290248880968,5.650527913627321,11662.205282762765,True,True,True,True
2603,5000,2194,2005,1981,0,0,1207,1505,85,11,6,0,3,3,2603.0,50.0,3312.956810631229,1686.982750949216,-496.851084183673,-774.1633172164225,0.0,0.0,11656.480008046095,True,True,False,True
2622,5000,2523,2047,1889,8,2,1205,1506,72,15,6,1,2,3,2622.0,50.0,3310.7569721115538,5484.82687553358,-11.547003948492472,-1835.9736278101893,6.466322211155378,1.6165805527888446,11629.438009680029,True,True,True,True
2641,5000,2536,1960,2059,6,8,1205,1505,60,7,6,2,1,3,2641.0,50.0,3312.956810631229,5638.682071665874,-1016.8115211200757,127.10144014000824,4.852964078073089,6.470618770764119,11637.165211015365,True,True,True,False
2660,5000,2243,2073,1956,0,3,1211,1508,47,3,6,3,1,3,2660.0,50.0,3306.366047745358,2248.6794758312826,288.29224049118886,-1060.9154450075787,0.0,2.421654820125995,11671.843468946867,True,True,False,False
2679,5000,2091,2141,1933,9,2,1221,1506,35,13,5,4,0,3,2679.0,50.0,3310.7569721115538,496.52116978514385,1073.8713672097317,-1327.9054540765499,7.274612487549801,1.6165805527888446,11783.85378408242,True,False,True,True
2698,5000,2055,2442,1961,3,0,1210,1507,22,7,5,5,0,3,2698.0,50.0,3308.5600530856004,80.77539192103619,4546.500630983981,-1003.9227281614362,2.423261757631055,0.0,11669.943972399635,True,True,True,False
2717,5000,2028,2087,1605,8,0,1211,1506,10,7,4,5,0,3,2717.0,50.0,3310.7569721115538,-230.94007896983643,450.3331539911772,-5115.322749181843,6.466322211155378,0.0,11687.343925080926,True,True,True,False
2736,5000,2004,2029,1644,4,4,1211,1505,253,7,3,6,1,3,2736.0,50.0,3312.956810631229,-508.4057605600394,-219.53885115092686,-4668.0892560512575,3.2353093853820596,3.2353093853820596,11695.109602107557,True,True,True,False
2755,5000,1973,2167,1971,294,6,1207,1508,240,13,2,6,1,3,2755.0,50.0,3306.366047745358,-864.8767214735699,1372.271064738064,-887.9401007128633,237.3221723723475,4.84330964025199,11633.290724210461,True,False,True,True
2774,5000,1944,2159,2061,1,7,1211,1506,229,13,1,6,2,3,2774.0,50.0,3310.7569721115538,-1200.8884106431424,1281.717438282583,150.1110513303924,0.8082902763944223,5.658031934760956,11687.343925080926,True,False,True,True
2793,5000,1374,2151,2102,7,0,1209,1507,216,5,1,6,3,3,2793.0,50.0,3308.5600530856004,-7777.516307825385,1188.5521954095177,623.1244519622708,5.654277434472462,0.0,11660.299390604263,True,False,True,False
2812,5000,1616,2235,2028,3,3,1210,1507,203,5,0,5,4,3,2812.0,50.0,3308.5600530856004,-4984.995615698169,2157.8568984619387,-230.7868340600992,2.423261757631055,2.423261757631055,11669.943972399635,True,False,True,False
2831,5000,1973,2043,2176,0,0,1218,1506,191,15,0,5,5,3,2831.0,50.0,3310.7569721115538,-866.0252961368802,-57.73501974245911,1478.0165054069423,0.0,0.0,11754.90082638197,True,True,True,True
2850,5000,2007,2063,2473,0,3,1207,1506,179,13,0,4,5,3,2850.0,50.0,3310.7569721115538,-473.4271618881621,173.20505922737735,4907.476678108992,0.0,2.424870829183267,11648.739981480328,True,False,True,True
2869,5000,1827,2088,2545,0,1,1207,1505,166,13,1,3,6,3,2869.0,50.0,3312.956810631229,-2553.583479176554,462.1870550545801,5742.674159053156,0.0,0.8088273463455149,11656.480008046095,True,False,True,True
2888,5000,2041,1983,2229,0,2,1205,1505,154,3,1,2,6,3,2888.0,50.0,3312.956810631229,-80.88273463455218,-751.0539644636926,2091.3964241219737,0.0,1.6176546926910298,11637.165211015365,True,True,False,False
2907,5000,2056,1749,2555,6,4,1206,1505,142,13,2,1,6,3,2907.0,50.0,3312.956810631229,92.43741101091538,-3454.8482365329846,5858.220922816801,4.852964078073089,3.2353093853820596,11646.82260953073,True,False,True,True
2926,5000,2066,1807,2537,0,5,1217,1506,129,11,3,0,6,3,2926.0,50.0,3310.7569721115538,207.84607107285152,-2782.8279515865106,5646.484930812464,0.0,4.041451381972111,11745.249840481822,True,True,False,True
2945,5000,2156,1965,2141,0,5,1211,1505,117,9,4,0,5,3,2945.0,50.0,3312.956810631229,1247.9050486473657,-959.0381392382533,1074.584903001898,0.0,4.0441367317275745,11695.109602107557,True,False,False,True
2964,5000,2149,1467,2187,6,5,1211,1509,104,11,5,0,4,3,2964.0,50.0,3304.1749502982107,1163.928815499857,-6695.471701043737,1601.8426272720815,4.840100024850894,4.0334166873757455,11664.108648887921,True,True,False,True
2983,5000,2334,1831,2069,0,4,1209,1507,92,15,5,0,4,3,2983.0,50.0,3308.5600530856004,3300.2517270594353,-2504.037149552089,242.32617576310534,0.0,3.2310156768414067,11660.299390604263,True,True,True,True
3002,5000,2245,2023,1955,11,5,1214,1508,80,9,6,1,3,4,3002.0,50.0,3306.366047745358,2271.742855070576,-288.29224049118886,-1072.447134627227,8.879401007128648,4.036091366876658,11700.75802749917,True,False,False,True
3021,5000,2585,1918,1937,3,3,1205,1507,67,7,6,1,2,4,3021.0,50.0,3308.5600530856004,6196.6264945137,-1500.114421390653,-1280.8669290335565,2.423261757631055,2.423261757631055,11621.721063422776,True,True,True,False
3040,5000,2709,2056,1971,10,4,1213,1507,56,7,6,2,1,4,3040.0,50.0,3308.5600530856004,7627.504865686319,92.31473362403904,-888.5293111313882,8.077539192103517,3.2310156768414067,11698.877717785748,True,True,True,False
3059,5000,2295,2085,1646,11,7,1205,1505,43,3,6,3,0,4,3059.0,50.0,3312.956810631229,2854.00506496203,427.52302592548733,-4644.979903298528,8.897100809800664,5.661791424418604,11637.165211015365,True,True,False,False
3078,5000,2423,2213,1959,0,2,1201,1506,31,7,5,4,0,4,3078.0,50.0,3310.7569721115538,4330.126480684405,1905.2556515011374,-1027.683351415765,0.0,1.6165805527888446,11590.834066079431,True,True,True,False
3097,5000,2099,2156,1983,114,3,1206,1508,20,7,5,5,0,4,3097.0,50.0,3306.366047745358,588.1161706020262,1245.4224789219388,-749.5598252770931,92.0228831647878,2.421654820125995,11623.65253802636,True,True,True,False
3116,5000,2076,2062,1636,4,5,1207,1505,7,7,4,5,0,4,3116.0,50.0,3312.956810631229,323.5309385382055,161.76546926910436,-4760.526667062173,3.2353093853820596,4.0441367317275745,11656.480008046095,True,True,True,False
3135,5000,1993,2067,1980,9,6,1209,1508,252,13,3,6,1,4,3135.0,50.0,3306.366047745358,-634.2429290806161,219.10210277330538,-784.1548941360348,7.264964460377985,4.84330964025199,11652.567096578665,True,False,True,True
3154,5000,1821,2318,1980,8,4,1216,1508,239,5,2,6,1,4,3154.0,50.0,3306.366047745358,-2617.693543660003,3113.556197304849,-784.1548941360348,6.457746187002653,3.2288730935013263,11720.034399867372,True,False,True,False
3173,5000,1746,2148,2033,0,4,1203,1506,227,5,1,6,2,4,3173.0,50.0,3310.7569721115538,-3487.1951924445093,1154.7003948491756,-173.20505922737735,0.0,3.233161105577689,11610.13603787973,True,False,True,False
3192,5000,1926,2121,2097,51,2,1210,1508,216,15,1,6,3,4,3192.0,50.0,3306.366047745358,-1406.866133597006,841.8133422342731,565.0527913627327,41.16813194214191,1.6144365467506632,11662.205282762765,True,True,True,True
3211,6000,1945,2266,2006,1,0,1205,1506,246,5,2,6,1,4,3211.0,60.0,3310.7569721115538,-1189.34140669465,2517.2468607712,-484.9741658366546,0.8082902763944223,0.0,11629.438009680029,True,False,True,False
3230,6000,2059,2165,1975,3,4,1216,1507,28,13,5,4,0,4,3230.0,60.0,3308.5600530856004,126.93275873305409,1350.1029792515867,-842.3719443193672,2.423261757631055,3.2310156768414067,11727.811463171864,True,False,True,True
3249,6000,2266,2021,1820,0,5,1207,1506,64,9,6,2,2,4,3249.0,60.0,3310.7569721115538,2517.2468607712,-311.76910660927723,-2632.716900256118,0.0,4.041451381972111,11648.739981480328,True,False,False,True
3268,6000,2174,1993,2203,0,0,1206,1506,101,15,5,0,4,4,3268.0,60.0,3310.7569721115538,1454.9224975099605,-635.085217167047,1789.7856120162194,0.0,0.0,11639.08899558018,True,True,True,True
3287,7000,1973,2064,2232,2,4,1217,1508,179,15,0,4,5,4,3287.0,70.0,3306.366047745358,-864.8767214735699,184.50703391436036,2121.8308900151574,1.6144365467506632,3.2288730935013263,11729.672586051476,True,True,True,True
3306,7000,2058,2411,1997,7,1,1211,1506,10,7,4,5,0,4,3306.0,70.0,3310.7569721115538,115.47003948491822,4191.562433302504,-588.8972013730803,5.658031934760956,0.8082902763944223,11687.343925080926,True,True,True,False
3325,7000,2333,1922,2023,3,5,1218,1505,94,11,5,0,4,4,3325.0,70.0,3312.956810631229,3293.0827672638834,-1455.889223421926,-288.86690940911257,2.4264820390365447,4.0441367317275745,11762.711391715116,True,True,False,True
3344,7000,2005,2057,2509,0,5,1207,1507,180,13,0,4,5,4,3344.0,70.0,3308.5600530856004,-496.1916932292167,103.85407532704514,5319.636525085317,0.0,4.0387695960517584,11641.01022701352,True,False,True,True
3363,8000,2285,2148,1628,6,3,1209,1507,44,7,6,3,0,4,3363.0,80.0,3308.5600530856004,2734.8239836121916,1153.9341703005025,-4846.52351526211,4.84652351526211,2.423261757631055,11660.299390604263,True,True,True,False
3382,8000,1911,2015,2309,3,114,1207,1507,177,13,0,4,6,4,3382.0,80.0,3308.5600530856004,-1580.8898133116893,-380.7982761991655,3011.768184484312,2.423261757631055,92.08394678998009,11641.01022701352,True,False,True,True
3401,8000,2541,1999,1879,2,8,1215,1507,56,11,6,2,1,4,3401.0,80.0,3308.5600530856004,5688.895459581477,-565.4277434472468,-1950.1487478078484,1.6155078384207033,6.462031353682813,11718.166881376492,True,True,False,True
3420,8000,1489,2035,2164,0,4,1202,1506,191,13,0,5,5,4,3420.0,80.0,3310.7569721115538,-6454.775207206885,-150.1110513303924,1339.4524580250425,0.0,3.233161105577689,11600.485051979582,True,False,True,True
3439,9000,2189,2047,2039,2,1,1212,1507,99,9,5,0,4,4,3439.0,90.0,3308.5600530856004,1627.047180123707,-11.539341703006098,-103.85407532704514,1.6155078384207033,0.8077539192103517,11689.233135990378,True,False,False,True
3458,9000,2061,2047,1634,1,2,1211,1507,25,7,5,4,0,4,3458.0,90.0,3308.5600530856004,150.01144213906628,-11.539341703006098,-4777.287465044079,0.8077539192103517,1.6155078384207033,11679.588554195005,True,True,True,False
3477,9000,1733,2066,2221,0,3,1220,1505,207,9,0,5,4,4,3477.0,90.0,3312.956810631229,-3639.7230585548186,207.98417477456042,1998.9590131110588,0.0,2.4264820390365447,11782.026188745846,True,False,False,True
3496,9000,2131,1935,2217,32,3,1216,1505,132,11,3,1,6,4,3496.0,90.0,3312.956810631229,959.0381392382533,-1305.6784305291883,1952.7403076055991,25.882475083056477,2.4264820390365447,11743.396594684384,True,True,False,True
3515,9000,2155,2087,1419,2,2,1213,1505,60,7,6,2,1,4,3515.0,90.0,3312.956810631229,1236.3503722710025,450.6323786782169,-7267.891440733271,1.6176546926910298,1.6176546926910298,11714.424399138288,True,True,True,False
3534,9000,1822,2159,1825,9,9,1216,1506,242,5,2,6,1,4,3534.0,90.0,3310.7569721115538,-2609.622892359136,1281.717438282583,-2574.981880513659,7.274612487549801,7.274612487549801,11735.598854581673,True,False,True,False
3553,9000,1753,1961,2749,0,5,1201,1507,168,13,1,3,6,4,3553.0,90.0,3308.5600530856004,-3404.1058023864803,-1003.9227281614362,8089.078533806523,0.0,4.0387695960517584,11583.14273624129,True,False,True,True
3572,10000,2174,1994,2073,1,2,1195,1507,107,9,5,0,5,4,3572.0,100.0,3308.5600530856004,1453.9570545786319,-623.1244519622708,288.4835425751265,0.8077539192103517,1.6155078384207033,11525.27524546906,True,False,False,True
3591,10000,2182,1613,1915,8,4,1203,1507,82,11,6,1,3,4,3591.0,100.0,3308.5600530856004,1546.271788202674,-5019.613640807185,-1534.732446499668,6.462031353682813,3.2310156768414067,11602.431899832034,True,True,False,True
3610,10000,2212,1951,1809,8,7,1204,1505,56,11,6,2,1,4,3610.0,100.0,3312.956810631229,1894.9669257237767,-1120.8036085073575,-2761.5676539511146,6.470618770764119,5.661791424418604,11627.507812499998,True,True,False,True
3629,10000,2084,2149,1887,7,4,1209,1506,33,7,5,4,0,4,3629.0,100.0,3310.7569721115538,415.69214214570303,1166.247398797665,-1859.067635707171,5.658031934760956,3.233161105577689,11668.041953280626,True,True,True,False
3648,11000,2066,2147,1835,7,3,1213,1507,23,13,5,5,0,4,3648.0,110.0,3308.5600530856004,207.70815065409028,1142.3948285974966,-2457.8797827400717,5.654277434472462,2.423261757631055,11698.877717785748,True,False,True,True
3667,11000,2314,2188,1539,2,0,1211,1506,46,7,6,3,1,4,3667.0,110.0,3310.7569721115538,3071.503050298806,1616.5805527888454,-5877.425009782298,1.6165805527888446,0.0,11687.343925080926,True,True,True,False
3686,11000,2212,2075,1869,7,0,1203,1505,69,3,6,1,2,4,3686.0,110.0,3312.956810631229,1894.9669257237767,311.97626216184227,-2068.287071369244,5.661791424418604,0.0,11617.850413984634,True,True,False,False
3705,11000,2205,2038,2085,3,0,1214,1505,95,13,5,0,4,4,3705.0,110.0,3312.956810631229,1814.0841910892277,-115.54676376364503,427.52302592548733,2.4264820390365447,0.0,11724.081797653653,True,False,True,True
3724,11000,2195,1528,2252,0,1,1205,1506,118,11,4,0,5,4,3724.0,110.0,3310.7569721115538,1697.409580428286,-6004.442053215709,2355.588805492315,0.0,0.8082902763944223,11629.438009680029,True,True,False,True
3743,12000,1715,2085,2703,4,2,1210,1507,193,13,0,5,5,4,3743.0,120.0,3308.5600530856004,-3842.600787100673,426.9556430111866,7558.268815468288,3.2310156768414067,1.6155078384207033,11669.943972399635,True,False,True,True
3762,12000,1991,2195,2045,93,4,1211,1506,12,13,4,5,0,4,3762.0,120.0,3310.7569721115538,-658.1792250640287,1697.409580428286,-34.64101184547417,75.17099570468127,3.233161105577689,11687.343925080926,True,False,True,True
3781,12000,2287,1695,1931,1,8,1209,1506,83,11,6,1,3,4,3781.0,120.0,3310.7569721115538,2759.7339436895286,-4076.092393817586,-1350.9994619735348,0.8082902763944223,6.466322211155378,11668.041953280626,True,True,False,True
3800,12000,2093,1998,2177,1,0,1212,1505,158,11,1,2,6,4,3800.0,120.0,3312.956810631229,519.9604369364026,-577.7338188182251,1490.553252551019,0.8088273463455149,0.0,11704.767000622922,True,True,False,True
3819,13000,2217,2325,1829,0,5,1207,1506,23,7,5,5,0,4,3819.0,130.0,3310.7569721115538,1951.4436672951044,3198.5200937322134,-2528.7938647196925,0.0,4.041451381972111,11648.739981480328,True,True,True,False
3838,13000,2165,1915,2123,0,4,1210,1505,147,5,2,1,6,4,3838.0,130.0,3312.956810631229,1351.8971360346475,-1536.7719580564783,866.6007282273379,0.0,3.2353093853820596,11685.452203592191,True,False,True,False
3857,13000,2017,2055,1677,7,7,1209,1505,11,7,4,5,0,4,3857.0,130.0,3312.956810631229,-358.19496766729833,80.88273463455218,-4286.78493563123,5.661791424418604,5.661791424418604,11675.794805076825,True,True,True,False
3876,13000,2132,1615,2075,0,3,1217,1505,135,15,3,1,6,4,3876.0,130.0,3312.956810631229,970.5928156146165,-5003.1748709658295,311.97626216184227,0.0,2.4264820390365447,11753.05399319975,True,True,True,True
3895,14000,2069,2173,1593,5,0,1206,1508,47,7,6,3,1,4,3895.0,140.0,3306.366047745358,242.16548201259877,1441.4612024559476,-5246.918776939655,4.036091366876658,0.0,11623.65253802636,True,True,True,False
3914,14000,1943,2293,2155,0,6,1212,1507,216,13,1,6,3,4,3914.0,140.0,3308.5600530856004,-1211.6308788155266,2827.138717236231,1234.7095622215386,0.0,4.84652351526211,11689.233135990378,True,False,True,True
3933,14000,2110,1801,2874,0,7,1207,1506,132,15,3,1,6,4,3933.0,140.0,3310.7569721115538,715.9142448064878,-2852.109975277462,9537.825261454182,0.0,5.658031934760956,11648.739981480328,True,True,True,True
3952,14000,2116,2172,1953,10,2,1206,1505,49,13,6,3,1,4,3952.0,140.0,3312.956810631229,785.7179935927857,1432.7798706691965,-1097.6942557546279,8.088273463455149,1.6176546926910298,11646.82260953073,True,False,True,True
3971,15000,2118,2178,1444,4,4,1214,1506,21,7,5,5,0,4,3971.0,150.0,3310.7569721115538,808.2902763944211,1501.1105133039273,-6974.390384889015,3.233161105577689,3.233161105577689,11716.296882781373,True,True,True,False
3990,15000,1959,2089,2035,49,4,1203,1507,242,15,2,6,1,4,3990.0,150.0,3308.5600530856004,-1027.0014115674485,473.11300982320455,-150.01144213906628,39.579942041307234,3.2310156768414067,11602.431899832034,True,True,True,True
4009,15000,1643,2178,2207,0,9,1212,1506,204,15,0,5,4,4,4009.0,150.0,3310.7569721115538,-4676.536599139159,1501.1105133039273,1835.9736278101893,0.0,7.274612487549801,11696.994910981075,True,True,True,True
4028,15000,1751,1958,2109,0,1,1221,1506,169,13,0,3,6,4,4028.0,150.0,3310.7569721115538,-3429.46017270205,-1039.2303553642575,704.3672408579953,0.0,0.8082902763944223,11783.85378408242,True,False,True,True
4047,16000,1713,2037,2157,2,4,1210,1506,182,9,0,4,5,4,4047.0,160.0,3310.7569721115538,-3868.2463227447347,-127.01704343341069,1258.6234303856015,1.6165805527888446,3.233161105577689,11677.692939180777,True,False,False,True
4066,16000,2082,2129,2295,1,2,1210,1506,192,13,0,5,5,4,4066.0,160.0,3310.7569721115538,392.59813424871805,935.3073198278319,2852.109975277462,0.8082902763944223,1.6165805527888446,11677.692939180777,True,False,True,True
4085,16000,1966,2132,2197,0,7,1209,1507,203,13,0,5,4,4,4085.0,160.0,3308.5600530856004,-946.2260196464124,969.3047030524214,1719.3619137477494,0.0,5.654277434472462,11660.299390604263,True,False,True,True
4104,16000,1635,2061,2181,4,3,1217,1507,217,15,1,6,3,4,4104.0,160.0,3308.5600530856004,-4765.748123341074,150.01144213906628,1534.732446499668,3.2310156768414067,2.423261757631055,11737.456044967235,True,True,True,True
4123,16000,1933,2695,2183,0,5,1220,1506,227,13,1,6,2,4,4123.0,160.0,3310.7569721115538,-1327.9054540765499,7470.911554674158,1558.8455330463862,0.0,4.041451381972111,11774.20279818227,True,False,True,True
4142,16000,1977,2535,1965,4,8,1209,1507,237,3,2,6,1,4,4142.0,160.0,3308.5600530856004,-819.2932609133583,5619.659409363447,-957.7653613494183,3.2310156768414067,6.462031353682813,11660.299390604263,True,True,False,False
4161,16000,1944,2281,2052,5,2,1215,1507,248,13,2,6,1,4,4161.0,160.0,3308.5600530856004,-1200.0915371125238,2688.6666168001707,46.157366812021145,4.0387695960517584,1.6155078384207033,11718.166881376492,True,False,True,True
4180,17000,2077,2143,1852,6,99,1207,1507,33,7,5,4,0,4,4180.0,170.0,3308.5600530856004,334.64090938714435,1096.2374617854787,-2261.710973788984,4.84652351526211,79.96763800182481,11641.01022701352,True,True,True,False
4199,17000,2255,2039,1917,22,6,1215,1508,92,3,5,0,4,4,4199.0,170.0,3306.366047745358,2387.0597512670524,-103.78520657682851,-1510.6513401738343,17.758802014257295,4.84330964025199,11710.396213683272,True,True,False,False
4218,17000,2147,1931,2108,3,4,1202,1506,155,11,1,2,6,4,4218.0,170.0,3310.7569721115538,1143.1533909006832,-1350.9994619735348,692.8202369095061,2.424870829183267,3.233161105577689,11600.485051979582,True,True,False,True
4237,17000,1822,2191,2177,3,12,1207,1507,214,15,0,6,3,4,4237.0,170.0,3308.5600530856004,-2607.8912248791344,1650.1258635297193,1488.5750796876468,2.423261757631055,9.69304703052422,11641.01022701352,True,True,True,True
4256,18000,2081,2116,1830,6,4,1209,1506,46,7,6,3,1,4,4256.0,180.0,3310.7569721115538,381.0511303002288,785.1962684974393,-2517.2468607712,4.849741658366534,3.233161105577689,11668.041953280626,True,True,True,False
4275,18000,2148,1925,2135,1073,3,1207,1506,159,11,1,2,6,4,4275.0,180.0,3310.7569721115538,1154.7003948491756,-1420.2814856644864,1004.5893435187833,867.2954665712151,2.424870829183267,11648.739981480328,True,True,False,True
4294,18000,1923,2133,2062,11,7,1207,1505,10,13,4,5,0,4,4294.0,180.0,3312.956810631229,-1444.3345470455629,982.1474919909828,161.76546926910436,8.897100809800664,5.661791424418604,11656.480008046095,True,False,True,True
4313,18000,2331,1799,2080,10,7,1209,1507,117,15,4,0,5,4,4313.0,180.0,3308.5600530856004,3265.6337019504203,-2873.296084048252,369.2589344961594,8.077539192103517,5.654277434472462,11660.299390604263,True,True,True,True
4332,19000,1977,2092,1889,10,4,1219,1506,5,7,3,6,0,4,4332.0,190.0,3310.7569721115538,-819.8372803429136,508.06817373363634,-1835.9736278101893,8.082902763944222,3.233161105577689,11764.551812282121,True,True,True,False
4351,19000,1883,1888,2047,0,5,1205,1505,161,13,1,2,6,4,4351.0,190.0,3312.956810631229,-1906.5216021001431,-1848.7482202183205,-11.554676376363204,0.0,4.0441367317275745,11637.165211015365,True,False,True,True
4370,19000,2149,2159,1838,4,0,1207,1507,62,3,6,2,1,4,4370.0,190.0,3308.5600530856004,1165.4735120035086,1280.8669290335565,-2423.2617576310563,3.2310156768414067,0.0,11641.01022701352,True,True,False,False
4389,19000,2001,2466,2084,4,1,1205,1505,223,1,1,6,2,4,4389.0,190.0,3312.956810631229,-543.0697896891323,4829.854725320362,415.96834954912083,3.2353093853820596,0.8088273463455149,11637.165211015365,True,False,False,False
4408,20000,1868,2006,2007,2,3,1217,1506,150,15,2,2,6,4,4408.0,200.0,3310.7569721115538,-2078.460710728515,-484.9741658366546,-473.4271618881621,1.6165805527888446,2.424870829183267,11745.249840481822,True,True,True,True
4427,20000,2501,1819,1903,4,4,1205,1506,99,7,5,0,4,4,4427.0,200.0,3310.7569721115538,5230.792788666762,-2644.2639042046103,-1674.3155725313045,3.233161105577689,3.233161105577689,11629.438009680029,True,True,True,False
4446,20000,2068,2104,1875,2,3,1211,1507,48,7,6,3,1,4,4446.0,200.0,3308.5600530856004,230.7868340600992,646.2031353682797,-1996.3061146198697,1.6155078384207033,2.423261757631055,11679.588554195005,True,True,True,False
4465,20000,1945,2142,2147,0,0,1219,1505,2,13,3,6,0,4,4465.0,200.0,3312.956810631229,-1190.1316667655433,1086.1395793782613,1143.9129612600839,0.0,0.0,11772.36879023048,True,False,True,True
4484,20000,1611,2174,2180,2,3,1205,1505,207,1,0,5,4,4,4484.0,200.0,3312.956810631229,-5049.393576471285,1455.889223421926,1525.217281680115,1.6176546926910298,2.4264820390365447,11637.165211015365,True,False,False,False
4503,20000,1847,1858,2223,0,3,1214,1508,156,13,1,2,6,4,4503.0,200.0,3306.366047745358,-2317.8696135491655,-2191.021027733044,2018.0456834383288,0.0,2.421654820125995,11700.75802749917,True,False,True,True
4522,20000,2172,2029,1915,0,1,1205,1507,109,5,4,0,5,4,4522.0,200.0,3308.5600530856004,1430.8783711726228,-219.24749235709638,-1534.732446499668,0.0,0.8077539192103517,11621.721063422776,True,False,True,False
4541,20000,2038,2002,1945,3,1,1209,1507,58,9,6,2,1,4,4541.0,200.0,3308.5600530856004,-115.39341703005122,-530.8097183382317,-1188.5521954095177,2.423261757631055,0.8077539192103517,11660.299390604263,True,False,False,True
4560,20000,1916,2583,1869,1,0,1207,1506,7,7,4,5,0,4,4560.0,200.0,3310.7569721115538,-1524.204521200912,6177.647112443086,-2066.9137067800225,0.8082902763944223,0.0,11648.739981480328,True,True,True,False
4579,20000,1851,2061,2197,0,5,1207,1505,212,13,0,6,3,4,4579.0,200.0,3312.956810631229,-2276.2712461438045,150.21079289273789,1721.6467800783091,0.0,4.0441367317275745,11656.480008046095,True,False,True,True
4598,20000,2111,1953,2179,1097,2,1206,1506,161,11,1,2,6,4,4598.0,200.0,3310.7569721115538,727.4612487549803,-1096.9653751067167,1512.6575172524197,886.6944332046812,1.6165805527888446,11639.08899558018,True,True,False,True
4617,20000,2183,1665,1932,0,0,1212,1507,115,15,4,0,5,4,4617.0,200.0,3308.5600530856004,1557.811129905677,-4419.567872250923,-1338.5636375485838,0.0,0.0,11689.233135990378,True,True,True,True
4636,20000,2047,1845,1787,9,7,1201,1506,63,7,6,2,1,4,4636.0,200.0,3310.7569721115538,-11.547003948492472,-2344.041801543826,-3013.7680305563467,7.274612487549801,5.658031934760956,11590.834066079431,True,True,True,False
4655,20000,1951,2289,2001,0,6,1209,1507,12,13,4,5,0,4,4655.0,200.0,3308.5600530856004,-1119.3161451914875,2780.9813504242097,-542.3490600412346,0.0,4.84652351526211,11660.299390604263,True,False,True,True
4674,20000,2003,2089,2173,4,2,1216,1506,222,13,1,6,2,4,4674.0,200.0,3310.7569721115538,-519.6151776821288,473.4271618881621,1443.3754935614681,3.233161105577689,1.6165805527888446,11735.598854581673,True,False,True,True
